_CustomObjectKey,VersionID,JourneyID,JourneyName,VersionNumber,CreatedDate,LastPublishedDate,ModifiedDate,JourneyStatus
2,6E737964-819C-4D0A-8708-00D480F8A586,6E737964-819C-4D0A-8708-00D480F8A586,JB_CAMPANHA_PROPOSTA_OUROCAP_NAO_PAGA,1,4/5/2021 3:14:06 PM,4/5/2021 3:15:32 PM,7/5/2021 5:11:50 PM,Finishing
3,600F6699-DEFB-44EC-843F-161C51E70929,6E737964-819C-4D0A-8708-00D480F8A586,JB_CAMPANHA_PROPOSTA_OUROCAP_NAO_PAGA,3,8/12/2021 5:03:42 PM,1/18/2022 8:22:12 AM,1/18/2022 8:22:12 AM,Running
4,0466D4AA-61B1-4BDA-B6F6-3F542BCCCB55,6E737964-819C-4D0A-8708-00D480F8A586,JB_CAMPANHA_PROPOSTA_OUROCAP_NAO_PAGA,2,7/5/2021 5:01:16 PM,7/5/2021 5:11:50 PM,1/18/2022 8:22:12 AM,Finishing
5,5B7C4090-BF5A-409A-A17D-012FABE7EAC9,5B7C4090-BF5A-409A-A17D-012FABE7EAC9,Jornada ATIVOS - POC,1,4/23/2020 1:10:04 PM,4/24/2020 11:40:12 AM,6/27/2022 4:25:50 AM,Deleted
6,E78D6508-6DA7-4524-917C-690D3D93C4F1,5B7C4090-BF5A-409A-A17D-012FABE7EAC9,Jornada ATIVOS - POC,2,4/24/2020 11:45:25 AM,,6/27/2022 4:25:50 AM,Deleted
7,F0004EBD-4D96-47E2-ADCB-016AC0B8EAF2,F0004EBD-4D96-47E2-ADCB-016AC0B8EAF2,JB_CAMPANHA_FIM_PLANO_OUROCAP_PU_COMOTC,1,1/3/2022 9:53:17 AM,1/4/2022 6:41:00 AM,4/2/2022 1:54:19 AM,Finishing
8,53D86E05-AA3C-4E27-ADC1-4F3944B674A1,F0004EBD-4D96-47E2-ADCB-016AC0B8EAF2,JB_CAMPANHA_FIM_PLANO_OUROCAP_PU_SEMOTC,2,4/2/2022 1:48:06 AM,4/2/2022 1:54:19 AM,6/21/2022 1:27:36 PM,Finishing
9,D514CBF6-3726-49CA-A1BA-7F4461FF88B1,F0004EBD-4D96-47E2-ADCB-016AC0B8EAF2,JB_CAMPANHA_FIM_PLANO_OUROCAP_PU_SEMOTC,3,6/21/2022 1:24:20 PM,6/21/2022 1:27:36 PM,6/27/2022 5:12:30 AM,Finishing
10,B9A15EBF-DB2B-4BEE-BF52-CADE8B72A656,F0004EBD-4D96-47E2-ADCB-016AC0B8EAF2,JB_CAMPANHA_FIM_PLANO_OUROCAP_PU_SEMOTC,4,6/27/2022 5:10:03 AM,6/27/2022 5:12:30 AM,6/27/2022 5:12:30 AM,Running
11,66B6949E-CA7B-4392-A1ED-02452CF86A6F,66B6949E-CA7B-4392-A1ED-02452CF86A6F,JB_RECOMANDO,1,6/16/2022 9:24:33 PM,6/16/2022 10:13:35 PM,6/22/2022 2:03:43 PM,Finishing
12,E2BED4DA-51D4-451D-9322-48A19007B178,66B6949E-CA7B-4392-A1ED-02452CF86A6F,JB_RECOMANDO,2,6/16/2022 10:28:33 PM,6/16/2022 10:29:03 PM,6/22/2022 2:03:43 PM,Finishing
13,AF439B63-0727-43C9-9C38-CEE73D6FB9D5,66B6949E-CA7B-4392-A1ED-02452CF86A6F,JB_RECOMANDO,3,6/19/2022 5:20:14 AM,6/19/2022 1:06:05 PM,6/22/2022 2:03:43 PM,Finishing
14,F0043A96-995B-4007-9462-FD95E1F816F3,66B6949E-CA7B-4392-A1ED-02452CF86A6F,JB_RECOMANDO,4,6/19/2022 1:57:46 PM,6/19/2022 1:58:50 PM,6/21/2022 2:28:11 PM,Running
15,9A21FF27-1E32-4305-B696-70E7E05D328E,B821514B-3BAC-422B-99C2-711918C648AD,JB_CAMPANHA_OFFLINE_PROSPECT_ALGAR,2,2/18/2021 3:39:04 PM,2/22/2021 3:31:33 PM,2/22/2021 3:55:44 PM,Deleted
16,B821514B-3BAC-422B-99C2-711918C648AD,B821514B-3BAC-422B-99C2-711918C648AD,JB_CAMPANHA_OFFLINE_PROSPECT_ALGAR,1,2/16/2021 8:15:06 AM,2/16/2021 8:26:48 AM,2/22/2021 3:55:44 PM,Deleted
17,521F1D86-B036-4F71-B332-675408FF96C1,CC839C15-5E82-48B8-B2B8-72F722080662,TEST_BOAS_VINDAS_OUROCAP_CARACTERISTICAS,2,11/8/2021 1:20:12 PM,11/8/2021 1:25:21 PM,7/12/2022 8:24:30 AM,Deleted
18,CC839C15-5E82-48B8-B2B8-72F722080662,CC839C15-5E82-48B8-B2B8-72F722080662,TEST_BOAS_VINDAS_OUROCAP_CARACTERISTICAS,1,11/7/2021 7:40:36 PM,11/8/2021 1:56:34 AM,7/12/2022 8:24:30 AM,Deleted
19,B45918AB-65DD-4CAF-B737-7DCC58A49003,B45918AB-65DD-4CAF-B737-7DCC58A49003,JB_TESTE_CAMPANHA_OFFLINE_PROSPECT_COM_OTC_TEO_CxP,1,12/22/2021 7:44:10 AM,,12/22/2021 7:57:00 AM,Deleted
20,BAE54F09-0185-4018-B927-27E0CBD8676F,BAEF09B8-73AF-4B98-890C-82E39D6E35FF,JB_CAMPANHA_RECOMANDO_G1_Validacao,4,9/24/2021 11:17:24 AM,,9/24/2021 11:17:42 AM,Deleted
21,BAEF09B8-73AF-4B98-890C-82E39D6E35FF,BAEF09B8-73AF-4B98-890C-82E39D6E35FF,JB_CAMPANHA_RECOMANDO_G1_Validacao,1,4/10/2021 7:44:04 AM,4/10/2021 7:50:52 AM,4/10/2021 9:45:02 PM,Finishing
22,E5F6B4C8-5FAB-496B-949D-A7AEDF2215BB,BAEF09B8-73AF-4B98-890C-82E39D6E35FF,JB_CAMPANHA_RECOMANDO_G1_Validacao,2,4/10/2021 2:31:39 PM,4/10/2021 9:45:02 PM,4/12/2021 5:56:20 PM,Finishing
23,B25A88C9-83EF-468E-9E11-E003C8080425,BAEF09B8-73AF-4B98-890C-82E39D6E35FF,JB_CAMPANHA_RECOMANDO_G1_Validacao,5,9/27/2021 12:30:42 PM,,9/27/2021 3:25:43 PM,Draft
24,28745345-C06E-4D18-8D16-F39D6FE38122,BAEF09B8-73AF-4B98-890C-82E39D6E35FF,JB_CAMPANHA_RECOMANDO_G1_Validacao,3,4/12/2021 5:42:01 PM,4/12/2021 5:56:20 PM,4/12/2021 5:56:20 PM,Running
25,05758694-2BD9-4923-B4A7-CFBDC00988D4,05758694-2BD9-4923-B4A7-CFBDC00988D4,Pos_Sorteio,1,6/29/2022 3:28:40 PM,,6/29/2022 3:31:11 PM,Draft
26,F73B0473-3C22-43C8-8994-090D23B21097,3925FE93-F88B-4D9E-A058-D07DF8BBAA83,JB_CAMPANHA_OFFLINE_PROSPECT_COM_OTC_TMKT,13,6/11/2021 11:41:54 AM,6/11/2021 11:42:49 AM,7/5/2021 6:10:02 PM,Finishing
27,F92A31B6-BD28-432C-AC7A-0A8D96248A52,3925FE93-F88B-4D9E-A058-D07DF8BBAA83,JB_CAMPANHA_OFFLINE_PROSPECT_COM_OTC_TMKT,16,7/22/2021 4:16:13 PM,,7/22/2021 4:16:13 PM,Draft
28,CB1DA6AD-D322-4EDB-9DD4-2B9F76B78B45,3925FE93-F88B-4D9E-A058-D07DF8BBAA83,JB_CAMPANHA_OFFLINE_PROSPECT_COM_OTC_TMKT,11,6/10/2021 5:45:59 PM,6/10/2021 5:46:18 PM,6/10/2021 5:52:20 PM,Stopped
29,202EFD86-2947-45AE-AF38-450BA306CE06,3925FE93-F88B-4D9E-A058-D07DF8BBAA83,JB_CAMPANHA_OFFLINE_PROSPECT_COM_OTC_TMKT,3,4/28/2021 9:39:01 AM,5/31/2021 3:49:27 PM,6/10/2021 5:52:20 PM,Stopped
30,274CFB66-DA3D-4C6A-900D-4A851CEA7179,3925FE93-F88B-4D9E-A058-D07DF8BBAA83,JB_CAMPANHA_OFFLINE_PROSPECT_COM_OTC_TMKT,6,6/7/2021 4:42:39 PM,6/10/2021 8:37:21 AM,6/10/2021 12:37:58 PM,Stopped
31,24DAAAB6-E85F-46D4-BE85-619109576F10,3925FE93-F88B-4D9E-A058-D07DF8BBAA83,JB_CAMPANHA_OFFLINE_PROSPECT_COM_OTC_TMKT,8,6/10/2021 12:48:35 PM,6/10/2021 4:02:45 PM,6/10/2021 5:52:20 PM,Stopped
32,1C03DBE7-C619-4F06-990C-AED7E358BDCB,3925FE93-F88B-4D9E-A058-D07DF8BBAA83,JB_CAMPANHA_OFFLINE_PROSPECT_COM_OTC_TMKT,12,6/10/2021 5:51:59 PM,6/10/2021 5:52:20 PM,6/11/2021 11:42:49 AM,Finishing
33,F1D5EA1F-02D1-443E-8FCF-C39C81A14D19,3925FE93-F88B-4D9E-A058-D07DF8BBAA83,JB_CAMPANHA_OFFLINE_PROSPECT_COM_OTC_TMKT,2,3/22/2021 2:19:30 PM,3/22/2021 2:52:27 PM,6/10/2021 5:52:20 PM,Stopped
34,3925FE93-F88B-4D9E-A058-D07DF8BBAA83,3925FE93-F88B-4D9E-A058-D07DF8BBAA83,JB_CAMPANHA_OFFLINE_PROSPECT_COM_OTC_TMKT,1,3/3/2021 3:23:02 PM,3/3/2021 3:24:03 PM,6/10/2021 5:52:20 PM,Stopped
35,6B45C015-1D03-41D1-A3F0-D1C81B9747DD,3925FE93-F88B-4D9E-A058-D07DF8BBAA83,JB_CAMPANHA_OFFLINE_PROSPECT_COM_OTC_TMKT,15,7/5/2021 6:06:42 PM,7/5/2021 6:10:02 PM,7/5/2021 6:10:02 PM,Running
36,54F5D60F-9E1E-40B5-9B0E-7DA8A9DF6EFC,3925FE93-F88B-4D9E-A058-D07DF8BBAA83,JB_CAMPANHA_OFFLINE_PROSPECT_COM_OTC_TMKT,10,6/10/2021 4:54:11 PM,6/10/2021 5:02:33 PM,6/10/2021 5:52:20 PM,Stopped
37,08324834-AD1D-448E-9E17-80D56746AD21,3925FE93-F88B-4D9E-A058-D07DF8BBAA83,JB_CAMPANHA_OFFLINE_PROSPECT_COM_OTC_TMKT,5,6/7/2021 4:16:40 PM,6/7/2021 4:38:18 PM,6/10/2021 5:52:20 PM,Stopped
38,766339B4-FEB8-4F5E-84DD-8729F2BA2B7B,3925FE93-F88B-4D9E-A058-D07DF8BBAA83,JB_CAMPANHA_OFFLINE_PROSPECT_COM_OTC_TMKT,4,6/3/2021 7:22:51 AM,6/3/2021 7:50:29 AM,6/10/2021 5:52:20 PM,Stopped
39,5FF49345-5B30-4E51-A58F-9137D365729A,3925FE93-F88B-4D9E-A058-D07DF8BBAA83,JB_CAMPANHA_OFFLINE_PROSPECT_COM_OTC_TMKT,7,6/10/2021 12:37:42 PM,6/10/2021 12:37:58 PM,6/10/2021 5:52:20 PM,Stopped
40,A7F5FB07-2B01-45AC-8C75-9A8649C149D6,3925FE93-F88B-4D9E-A058-D07DF8BBAA83,JB_CAMPANHA_OFFLINE_PROSPECT_COM_OTC_TMKT,14,6/11/2021 12:16:04 PM,,7/5/2021 6:10:02 PM,Deleted
41,6CDF52D5-A274-474D-BA7C-A7AA69130495,3925FE93-F88B-4D9E-A058-D07DF8BBAA83,JB_CAMPANHA_OFFLINE_PROSPECT_COM_OTC_TMKT,9,6/10/2021 4:30:14 PM,6/10/2021 4:45:25 PM,6/10/2021 5:52:20 PM,Stopped
42,1A2CE00C-E869-4EC2-B2EF-D99FF2E3EA7A,1A2CE00C-E869-4EC2-B2EF-D99FF2E3EA7A,Teste SFMC,1,1/11/2022 1:12:24 PM,,1/11/2022 1:12:53 PM,Draft
43,67B7ED42-AE93-4DA8-8F0E-035DA3764708,0756B628-D90B-4AAE-98EC-DE98955B8EE3,TEST_INSERT_BENCHMARK_CLIENTE_NEOBPO,2,2/11/2022 7:48:11 AM,,6/27/2022 2:56:03 AM,Deleted
44,0756B628-D90B-4AAE-98EC-DE98955B8EE3,0756B628-D90B-4AAE-98EC-DE98955B8EE3,TEST_INSERT_BENCHMARK_CLIENTE_NEOBPO,1,2/10/2022 6:05:54 PM,2/10/2022 7:25:18 PM,6/27/2022 2:56:03 AM,Deleted
45,C8F3A086-7EC7-42C5-87C2-442BD37DAE2D,35D0F6F7-4A9B-4DDC-98C0-DECB507C59B9," JB_CAMPANHA_ONLINE_EX_CLIENTE_COM_OTC_NEOBPO",2,4/6/2021 7:13:48 PM,,7/5/2021 6:02:40 PM,Deleted
46,69D2D2FB-A498-4A4B-A587-5BCD3DAD0809,35D0F6F7-4A9B-4DDC-98C0-DECB507C59B9," JB_CAMPANHA_ONLINE_EX_CLIENTE_COM_OTC_NEOBPO",6,12/1/2021 8:04:27 PM,12/1/2021 8:48:11 PM,12/1/2021 8:48:11 PM,Running
47,4BC7BEFB-6F27-41DE-B0D1-98E9ADB44F69,35D0F6F7-4A9B-4DDC-98C0-DECB507C59B9," JB_CAMPANHA_ONLINE_EX_CLIENTE_COM_OTC_NEOBPO",4,12/1/2021 4:14:12 PM,12/1/2021 4:18:59 PM,12/1/2021 8:48:11 PM,Finishing
48,12A9940C-4384-4D59-820C-A2EC790D7307,35D0F6F7-4A9B-4DDC-98C0-DECB507C59B9," JB_CAMPANHA_ONLINE_EX_CLIENTE_COM_OTC_NEOBPO",3,7/5/2021 6:01:17 PM,7/5/2021 6:02:40 PM,12/1/2021 4:18:59 PM,Finishing
49,E7F1B9A4-6CBB-4054-A869-BBD05A65847D,35D0F6F7-4A9B-4DDC-98C0-DECB507C59B9," JB_CAMPANHA_ONLINE_EX_CLIENTE_COM_OTC_NEOBPO",8,12/6/2021 4:43:24 PM,,12/6/2021 4:43:24 PM,Draft
50,BA388D2C-48E1-4004-A557-D4D5B1B8AC72,35D0F6F7-4A9B-4DDC-98C0-DECB507C59B9," JB_CAMPANHA_ONLINE_EX_CLIENTE_COM_OTC_NEOBPO",7,12/2/2021 4:01:11 PM,,12/6/2021 4:43:19 PM,Deleted
51,7C35F278-13D2-4314-A75F-D70BB8961C71,35D0F6F7-4A9B-4DDC-98C0-DECB507C59B9," JB_CAMPANHA_ONLINE_EX_CLIENTE_COM_OTC_NEOBPO",5,12/1/2021 4:29:29 PM,,12/1/2021 8:48:11 PM,Deleted
52,35D0F6F7-4A9B-4DDC-98C0-DECB507C59B9,35D0F6F7-4A9B-4DDC-98C0-DECB507C59B9," JB_CAMPANHA_ONLINE_EX_CLIENTE_COM_OTC_NEOBPO",1,3/11/2021 10:43:27 AM,3/12/2021 10:10:19 AM,7/5/2021 6:02:40 PM,Finishing
53,D0D00487-71CA-4447-BFE4-29524985D5B7,D0D00487-71CA-4447-BFE4-29524985D5B7,Jb_Campanhas_Aniversariantes,1,12/3/2021 4:22:36 PM,1/14/2022 10:52:33 AM,1/14/2022 10:52:33 AM,Running
54,59C93ED7-E365-408E-980D-0B0B21EB44C8,198B1C38-842E-4EAA-ACEA-68BB7F100CC5,JB_CAMPANHA_OFFLINE_PROSPECT_ALGAR,2,2/22/2021 3:56:05 PM,,2/22/2021 3:56:47 PM,Deleted
55,198B1C38-842E-4EAA-ACEA-68BB7F100CC5,198B1C38-842E-4EAA-ACEA-68BB7F100CC5,JB_CAMPANHA_OFFLINE_PROSPECT_ALGAR,1,2/22/2021 3:55:17 PM,2/22/2021 3:55:59 PM,2/22/2021 3:56:47 PM,Deleted
56,F2AFE42F-1714-492A-9A14-2EB493440ED8,E6F2ACB3-A95D-441E-96B5-DB315B47DB53,JB_CAMPANHA_FIM_PLANO_OUROCAP_PU_PP_COMOTC_NEOBPO,4,10/20/2021 3:59:38 PM,10/20/2021 4:21:13 PM,10/20/2021 5:17:12 PM,Finishing
57,206802DF-152E-40B9-BD4E-586BD1B7F629,E6F2ACB3-A95D-441E-96B5-DB315B47DB53,JB_CAMPANHA_FIM_PLANO_OUROCAP_PU_PP_COMOTC_NEOBPO,8,12/6/2021 4:40:13 PM,12/6/2021 5:27:49 PM,12/6/2021 5:27:49 PM,Running
58,408A75C1-54CC-4E69-86CE-742823454C60,E6F2ACB3-A95D-441E-96B5-DB315B47DB53,JB_CAMPANHA_FIM_PLANO_OUROCAP_PU_PP_COMOTC_NEOBPO,5,10/20/2021 5:15:58 PM,10/20/2021 5:17:12 PM,12/6/2021 5:27:49 PM,Finishing
59,78F06CB1-C127-451A-9684-9A946F814B06,E6F2ACB3-A95D-441E-96B5-DB315B47DB53,JB_CAMPANHA_FIM_PLANO_OUROCAP_PU_PP_COMOTC_NEOBPO,6,12/2/2021 4:01:24 PM,,12/6/2021 5:27:49 PM,Deleted
60,1F027EF2-0744-424E-8B12-D1A0E6D3F1F0,E6F2ACB3-A95D-441E-96B5-DB315B47DB53,JB_CAMPANHA_FIM_PLANO_OUROCAP_PU_PP_COMOTC_NEOBPO,3,8/20/2021 11:45:43 AM,,10/20/2021 4:21:13 PM,Deleted
61,3CD87373-B6E9-4ECC-B995-DAB52BAE15D0,E6F2ACB3-A95D-441E-96B5-DB315B47DB53,JB_CAMPANHA_FIM_PLANO_OUROCAP_PU_PP_COMOTC_NEOBPO,7,12/3/2021 5:44:53 PM,,12/6/2021 5:27:49 PM,Deleted
62,E6F2ACB3-A95D-441E-96B5-DB315B47DB53,E6F2ACB3-A95D-441E-96B5-DB315B47DB53,JB_CAMPANHA_FIM_PLANO_OUROCAP_PU_PP_COMOTC_NEOBPO,1,4/9/2021 4:59:37 PM,4/9/2021 6:17:32 PM,7/5/2021 4:53:30 PM,Finishing
63,8AC62E42-3544-4414-A094-E6B21B0C2571,E6F2ACB3-A95D-441E-96B5-DB315B47DB53,JB_CAMPANHA_FIM_PLANO_OUROCAP_PU_PP_COMOTC_NEOBPO,2,7/5/2021 4:52:47 PM,7/5/2021 4:53:30 PM,10/20/2021 4:21:13 PM,Finishing
64,C70485D6-8604-4AAB-89F6-CCBEEA5F54D9,C70485D6-8604-4AAB-89F6-CCBEEA5F54D9,JB_CAMPANHA_OFFLINE_PROSPECT_SEM_OTC_TMKT,1,2/22/2021 3:58:36 PM,,2/22/2021 5:32:59 PM,Deleted
65,D97876E4-34AF-4E8F-946D-62810B9D6780,D97876E4-34AF-4E8F-946D-62810B9D6780,TEST_JB_Campanha_DuploSim_SemOTC,1,9/21/2021 6:50:17 PM,9/21/2021 6:54:02 PM,9/21/2021 7:03:57 PM,Finishing
66,8E3E3178-C318-4C51-A5D9-889D68E7FDC0,D97876E4-34AF-4E8F-946D-62810B9D6780,TEST_JB_Campanha_DuploSim_SemOTC,2,9/21/2021 7:01:27 PM,9/21/2021 7:03:57 PM,9/21/2021 7:03:57 PM,Running
67,EB69DD1E-F754-44FD-8DBA-67B15E726D08,EB69DD1E-F754-44FD-8DBA-67B15E726D08,SMS Test,1,9/2/2021 5:41:20 PM,9/2/2021 5:41:26 PM,9/2/2021 5:42:08 PM,Stopped
68,5A4531FC-FFC5-434D-AD48-6C38EE39D690,5A4531FC-FFC5-434D-AD48-6C38EE39D690,Jornada MOBILE - POC,1,4/22/2020 9:35:39 AM,4/22/2020 9:36:42 AM,4/22/2020 9:40:34 AM,Stopped
69,2D127C97-F771-4325-AFB0-A26FC8D1CCA5,5A4531FC-FFC5-434D-AD48-6C38EE39D690,Jornada MOBILE - POC,2,4/22/2020 9:40:21 AM,4/22/2020 9:40:34 AM,4/22/2020 11:49:16 AM,Stopped
70,388A687C-994C-4323-B9DD-D8614E6B5A2D,5A4531FC-FFC5-434D-AD48-6C38EE39D690,Jornada MOBILE - POC,4,4/23/2020 6:50:45 AM,,4/23/2020 6:50:45 AM,Draft
71,B8775696-7838-49F0-AF3C-FCD6BEED0E8D,5A4531FC-FFC5-434D-AD48-6C38EE39D690,Jornada MOBILE - POC,3,4/22/2020 11:36:41 AM,4/22/2020 11:49:16 AM,4/23/2020 6:50:41 AM,Stopped
72,965B9AB5-9058-49DE-B69B-58FCD8C91186,397E8B6D-E07B-46FF-89A8-6DAEEA3AA45D,JB_CAMPANHA_OFFLINE_PROSPECT_COM_OTC_TMKT,2,2/24/2021 4:33:40 PM,2/24/2021 4:34:39 PM,3/3/2021 3:23:13 PM,Deleted
73,397E8B6D-E07B-46FF-89A8-6DAEEA3AA45D,397E8B6D-E07B-46FF-89A8-6DAEEA3AA45D,JB_CAMPANHA_OFFLINE_PROSPECT_COM_OTC_TMKT,1,2/24/2021 4:01:03 PM,2/24/2021 4:06:57 PM,3/3/2021 3:23:13 PM,Deleted
74,FBB83403-F2FF-49BE-80F9-6E30651A13D7,FBB83403-F2FF-49BE-80F9-6E30651A13D7,JB_CAMPANHA_OFFLINE_PROSPECT_COM_OTC_TMKT,1,2/22/2021 3:58:51 PM,2/22/2021 4:04:46 PM,2/22/2021 5:32:33 PM,Deleted
75,9DE8FF9A-9641-4117-908C-0A86BF9DC15C,9DE8FF9A-9641-4117-908C-0A86BF9DC15C,JB_CAMPANHA_REVENDA_OUROCAP_COMOTC_NEOBPO,1,4/7/2021 3:50:26 PM,4/7/2021 5:06:47 PM,7/13/2021 11:44:11 AM,Finishing
76,81893F3B-9946-495B-AD4E-973C082147B4,9DE8FF9A-9641-4117-908C-0A86BF9DC15C,JB_CAMPANHA_REVENDA_OUROCAP_COMOTC_NEOBPO,5,7/26/2021 1:58:17 PM,,7/26/2021 4:04:08 PM,Deleted
77,F2AE0DF7-1E3D-46C1-B58E-97EE110194E9,9DE8FF9A-9641-4117-908C-0A86BF9DC15C,JB_CAMPANHA_REVENDA_OUROCAP_COMOTC_NEOBPO,6,7/27/2021 8:30:20 AM,,7/27/2021 8:30:20 AM,Draft
78,A92C57EB-0E47-408B-8BA9-C0BA9478F030,9DE8FF9A-9641-4117-908C-0A86BF9DC15C,JB_CAMPANHA_REVENDA_OUROCAP_COMOTC_NEOBPO,4,7/15/2021 1:37:11 PM,7/20/2021 11:45:57 AM,7/20/2021 11:45:57 AM,Running
79,DD7F1FEB-35D1-4BA0-B586-D4B829106903,9DE8FF9A-9641-4117-908C-0A86BF9DC15C,JB_CAMPANHA_REVENDA_OUROCAP_COMOTC_NEOBPO,3,7/5/2021 4:13:40 PM,7/13/2021 11:44:11 AM,7/20/2021 11:45:57 AM,Finishing
80,2283F90D-F131-43F2-8E19-D9285AF98DC9,9DE8FF9A-9641-4117-908C-0A86BF9DC15C,JB_CAMPANHA_REVENDA_OUROCAP_COMOTC_NEOBPO,2,4/8/2021 3:24:50 PM,,7/13/2021 11:44:11 AM,Deleted
81,3AF0D6D2-BA08-4EDE-8AD6-0AD05C217C2A,3AF0D6D2-BA08-4EDE-8AD6-0AD05C217C2A,LLL JB_CAMPANHA_ONLINE_CLIENTE_COM_OTC_NEOBPO,1,8/2/2021 2:25:42 PM,,8/2/2021 2:25:42 PM,Draft
82,CDE362E1-A92D-4B71-B8E7-1E3148873002,CDE362E1-A92D-4B71-B8E7-1E3148873002,JB_CAMPANHA_REVENDA_OUROCAP_COMOTC_TEO,1,7/12/2021 2:26:43 PM,,7/12/2021 3:28:21 PM,Deleted
83,2899338A-FE1F-4AC1-8025-1E4B2EB5732C,2899338A-FE1F-4AC1-8025-1E4B2EB5732C,JB_CAMPANHA_BOAS_VINDAS_OUROCAP_CLIENTE,1,8/3/2021 7:04:53 PM,9/1/2021 7:59:08 PM,9/17/2021 3:58:33 PM,Stopped
84,5B363386-12BE-48F7-B02A-78AA3A043A91,2899338A-FE1F-4AC1-8025-1E4B2EB5732C,JB_CAMPANHA_BOAS_VINDAS_OUROCAP_CLIENTE,4,12/7/2021 12:02:57 PM,12/7/2021 3:36:21 PM,12/9/2021 10:23:51 AM,Stopped
85,8496A585-2920-4AD2-BE3B-8B10F7B9A854,2899338A-FE1F-4AC1-8025-1E4B2EB5732C,JB_CAMPANHA_BOAS_VINDAS_OUROCAP_CLIENTE,5,12/7/2021 3:38:55 PM,12/9/2021 10:23:51 AM,12/9/2021 10:46:14 AM,Stopped
86,5F1D7884-1A15-4378-9EF2-ABF82D69BEE3,2899338A-FE1F-4AC1-8025-1E4B2EB5732C,JB_CAMPANHA_BOAS_VINDAS_OUROCAP_CLIENTE,2,9/1/2021 8:01:03 PM,9/17/2021 3:58:33 PM,12/9/2021 10:23:51 AM,Stopped
87,E2B2499F-C6D6-4926-9D00-B4762B2CF1E1,2899338A-FE1F-4AC1-8025-1E4B2EB5732C,JB_CAMPANHA_BOAS_VINDAS_OUROCAP_CLIENTE,7,7/12/2022 7:59:34 AM,7/12/2022 6:41:25 PM,7/12/2022 6:41:25 PM,Running
88,17D06A07-45BB-4429-BE8F-C4EB4F420313,2899338A-FE1F-4AC1-8025-1E4B2EB5732C,JB_CAMPANHA_BOAS_VINDAS_OUROCAP_CLIENTE,3,12/3/2021 4:26:51 PM,,12/7/2021 3:11:23 PM,Deleted
89,B2357027-CDD6-4340-A41F-D24449656E27,2899338A-FE1F-4AC1-8025-1E4B2EB5732C,JB_CAMPANHA_BOAS_VINDAS_OUROCAP_CLIENTE,6,12/9/2021 10:45:36 AM,12/9/2021 10:46:14 AM,7/12/2022 6:41:25 PM,Stopped
90,87A75B37-2745-4751-BDA9-0FA312301C2E,EAC6CDB4-5A4F-4267-AEF1-305395254843,JB_CAMPANHA_OFFLINE_EX_CLIENTE_COM_OTC_ALGAR,5,8/2/2021 8:11:26 PM,6/1/2022 12:34:59 PM,6/1/2022 12:34:59 PM,Running
91,EAC6CDB4-5A4F-4267-AEF1-305395254843,EAC6CDB4-5A4F-4267-AEF1-305395254843,JB_CAMPANHA_OFFLINE_EX_CLIENTE_COM_OTC_ALGAR,1,3/11/2021 1:42:49 PM,3/12/2021 10:17:57 AM,3/22/2021 1:34:18 PM,Finishing
92,97B1B42D-C6F0-4633-8533-7410928F919F,EAC6CDB4-5A4F-4267-AEF1-305395254843,JB_CAMPANHA_OFFLINE_EX_CLIENTE_COM_OTC_ALGAR,3,3/22/2021 1:40:57 PM,,7/5/2021 6:03:10 PM,Deleted
93,A37DDEB1-074E-41BB-ABEC-7E4B69E7756B,EAC6CDB4-5A4F-4267-AEF1-305395254843,JB_CAMPANHA_OFFLINE_EX_CLIENTE_COM_OTC_ALGAR,2,3/22/2021 1:30:53 PM,3/22/2021 1:34:18 PM,7/5/2021 6:03:10 PM,Finishing
94,27490CB1-B425-423B-BA08-89B97301670C,EAC6CDB4-5A4F-4267-AEF1-305395254843,JB_CAMPANHA_OFFLINE_EX_CLIENTE_COM_OTC_ALGAR,4,7/5/2021 6:02:14 PM,7/5/2021 6:03:10 PM,6/1/2022 12:34:59 PM,Finishing
95,03B8E75E-7E36-42D3-9D1B-49BFD3F63301,03B8E75E-7E36-42D3-9D1B-49BFD3F63301,JB_Campanha_DuploSim_SemOTC,1,4/8/2021 3:28:39 PM,1/6/2022 11:10:17 AM,1/6/2022 11:10:17 AM,Running
96,23BD6239-5E08-414D-81C0-61C32BAE370B,F961CA5B-6A8A-4379-A0B0-A65837E3495C,JB_CAMPANHA_RECOMANDO_G3_Validacao,3,9/27/2021 3:25:56 PM,,9/27/2021 3:28:06 PM,Draft
97,F961CA5B-6A8A-4379-A0B0-A65837E3495C,F961CA5B-6A8A-4379-A0B0-A65837E3495C,JB_CAMPANHA_RECOMANDO_G3_Validacao,1,4/10/2021 7:19:39 AM,4/10/2021 7:48:58 AM,4/12/2021 6:21:54 PM,Stopped
98,7A3AC0D9-B588-4BAE-BFD4-C651E98916FE,F961CA5B-6A8A-4379-A0B0-A65837E3495C,JB_CAMPANHA_RECOMANDO_G3_Validacao,2,4/12/2021 6:01:39 PM,4/12/2021 6:21:54 PM,4/12/2021 6:21:54 PM,Running
99,3ECEE350-EF1B-4DB1-9E36-57BE30C4831F,3ECEE350-EF1B-4DB1-9E36-57BE30C4831F,JB_CAMPANHA_OFFLINE_PROSPECT_SEM_OTC_TEO,1,2/22/2021 3:58:03 PM,,2/22/2021 5:32:50 PM,Deleted
100,2C64AF1C-B303-4BC2-9D5C-1ABF3A0C084A,664A020A-C336-42E8-8B4C-580DEB486E51,JB_CAMPANHA_FIM_PLANO_OUROCAP_PM_COMOTC,2,12/29/2021 6:42:48 PM,12/30/2021 4:12:08 PM,4/2/2022 2:05:11 AM,Finishing
101,850BFC79-A4C4-475A-A01F-1CBF4D049C88,664A020A-C336-42E8-8B4C-580DEB486E51,JB_CAMPANHA_FIM_PLANO_OUROCAP_PM_SEMOTC,3,4/2/2022 1:55:06 AM,4/2/2022 2:05:11 AM,4/2/2022 2:25:43 AM,Finishing
102,664A020A-C336-42E8-8B4C-580DEB486E51,664A020A-C336-42E8-8B4C-580DEB486E51,JB_CAMPANHA_FIM_PLANO_OUROCAP_PM_COMOTC,1,9/22/2021 7:39:35 PM,9/22/2021 7:54:36 PM,12/30/2021 4:12:08 PM,Finishing
103,2C518808-E997-441D-B1D3-764EDB2FA6C3,664A020A-C336-42E8-8B4C-580DEB486E51,JB_CAMPANHA_FIM_PLANO_OUROCAP_PM_SEMOTC,4,4/2/2022 2:24:56 AM,4/2/2022 2:25:43 AM,4/2/2022 2:25:43 AM,Running
104,A705EA42-CBE1-43D2-B7C3-5CB533F61C8A,A705EA42-CBE1-43D2-B7C3-5CB533F61C8A,JB_CAMPANHA_REVENDA_OUROCAP_COMOTC_NEOBPO_TESTE,1,7/5/2021 4:03:53 PM,,7/5/2021 4:05:28 PM,Deleted
105,C1EA5FE4-CFE0-43A9-B2EC-083F827086F2,C1EA5FE4-CFE0-43A9-B2EC-083F827086F2,JB_CAMPANHA_OFFLINE_PROSPECT_SEM_OTC_ALGAR,1,2/22/2021 3:57:39 PM,2/22/2021 4:35:51 PM,3/3/2021 3:15:16 PM,Deleted
106,FCAE79B3-AF15-4C38-AC33-8A3681920DBF,C1EA5FE4-CFE0-43A9-B2EC-083F827086F2,JB_CAMPANHA_OFFLINE_PROSPECT_SEM_OTC_ALGAR,2,2/22/2021 5:01:32 PM,2/23/2021 4:19:45 PM,3/3/2021 3:15:16 PM,Deleted
107,10E85A88-DF9E-436E-BBE1-11FC82F8F6A9,10E85A88-DF9E-436E-BBE1-11FC82F8F6A9,Nova jornada - 28 de janeiro de 2022 14.38,1,1/28/2022 11:44:18 AM,,1/28/2022 11:44:18 AM,Draft
108,2AF9852B-6BCF-40E0-B6DA-C9EF42438B9E,2AF9852B-6BCF-40E0-B6DA-C9EF42438B9E,JB_CAMPANHA_FIM_PLANO_OUROCAP_PM_COMOTC_NEOBPO,1,4/2/2022 2:36:49 AM,,4/2/2022 2:54:38 AM,Draft
109,311A9857-7522-411F-83BD-1705312B9E84,CAB4BB0E-3037-4384-8DC6-9A9908D01CC4,Teste_Jornada_Prospect_Algar,7,2/8/2021 4:30:40 PM,2/8/2021 4:35:55 PM,8/4/2022 3:12:28 AM,Deleted
110,37103669-D1FD-4FFC-8B3B-1C0BAABF7BEF,CAB4BB0E-3037-4384-8DC6-9A9908D01CC4,Teste_Jornada_Prospect_Algar,12,2/15/2021 2:15:06 PM,2/15/2021 2:18:58 PM,8/4/2022 3:12:28 AM,Deleted
111,97B74264-5354-4CE7-8E61-22103CE5766D,CAB4BB0E-3037-4384-8DC6-9A9908D01CC4,Teste_Jornada_Prospect_Algar,10,2/15/2021 8:39:12 AM,2/15/2021 8:43:22 AM,8/4/2022 3:12:28 AM,Deleted
112,B57D2360-5E9D-4735-834A-276232BF800D,CAB4BB0E-3037-4384-8DC6-9A9908D01CC4,Teste_Jornada_Prospect_Algar,5,2/5/2021 4:09:46 PM,2/5/2021 4:36:18 PM,8/4/2022 3:12:28 AM,Deleted
113,1A51EA03-8932-4B5C-8CB4-3A9097F2698E,CAB4BB0E-3037-4384-8DC6-9A9908D01CC4,Teste_Jornada_Prospect_Algar,4,2/4/2021 5:43:01 PM,2/4/2021 5:49:31 PM,8/4/2022 3:12:28 AM,Deleted
114,624BC47C-1760-486D-A72B-5910232F58B0,CAB4BB0E-3037-4384-8DC6-9A9908D01CC4,Teste_Jornada_Prospect_Algar,6,2/5/2021 5:02:08 PM,2/8/2021 3:48:22 PM,8/4/2022 3:12:28 AM,Deleted
115,1A0AC5DB-4EAC-4253-80F6-769C5C7364E1,CAB4BB0E-3037-4384-8DC6-9A9908D01CC4,Teste_Jornada_Prospect_Algar,9,2/8/2021 5:02:26 PM,2/8/2021 5:03:26 PM,8/4/2022 3:12:28 AM,Deleted
116,B7AB0BF5-86B2-44E0-8616-8029C62BA68D,CAB4BB0E-3037-4384-8DC6-9A9908D01CC4,Teste_Jornada_Prospect_Algar,3,2/4/2021 4:12:44 PM,2/4/2021 5:20:28 PM,8/4/2022 3:12:28 AM,Deleted
117,CAB4BB0E-3037-4384-8DC6-9A9908D01CC4,CAB4BB0E-3037-4384-8DC6-9A9908D01CC4,Teste_Jornada_Prospect_Algar,1,2/2/2021 4:40:37 PM,2/2/2021 5:18:13 PM,8/4/2022 3:12:28 AM,Deleted
118,B2A77F85-C436-4414-ADD6-A0B2C1DDCF8B,CAB4BB0E-3037-4384-8DC6-9A9908D01CC4,Teste_Jornada_Prospect_Algar,2,2/2/2021 5:18:41 PM,2/2/2021 5:19:43 PM,8/4/2022 3:12:28 AM,Deleted
119,1832B5D2-2355-48B0-B05E-A803F9A459B1,CAB4BB0E-3037-4384-8DC6-9A9908D01CC4,Teste_Jornada_Prospect_Algar,11,2/15/2021 12:57:25 PM,2/15/2021 1:15:15 PM,8/4/2022 3:12:28 AM,Deleted
120,E7E5D0E0-5D6E-4944-9CE3-CC32E6944A93,CAB4BB0E-3037-4384-8DC6-9A9908D01CC4,Teste_Jornada_Prospect_Algar,8,2/8/2021 4:45:16 PM,2/8/2021 4:46:31 PM,8/4/2022 3:12:28 AM,Deleted
121,B0B2807E-6045-400B-8D99-4E326B26DD13,B0B2807E-6045-400B-8D99-4E326B26DD13,JB_CAMPANHA_REVENDA_OUROCAP_COMOTC_ALGAR,1,7/12/2021 2:27:05 PM,,7/12/2021 3:28:05 PM,Deleted
122,DC2D4D2C-2278-4F82-87C7-619C9C75462B,DC2D4D2C-2278-4F82-87C7-619C9C75462B,Jornada INATIVOS - POC,1,4/23/2020 12:22:53 PM,,4/23/2020 12:32:02 PM,Draft
123,A852FDCD-A76B-4AD3-8802-2A199908040D,FAFD69C7-4BA8-4045-B9BE-62272B98E94B,Jornada ATIVOS - POC (HARPIA),2,4/23/2020 1:30:09 PM,4/23/2020 1:30:55 PM,6/27/2022 4:26:31 AM,Deleted
124,FAFD69C7-4BA8-4045-B9BE-62272B98E94B,FAFD69C7-4BA8-4045-B9BE-62272B98E94B,Jornada ATIVOS - POC (HARPIA),1,4/23/2020 9:31:08 AM,4/23/2020 1:12:42 PM,6/27/2022 4:26:31 AM,Deleted
125,D8806207-31EF-4A41-9DB8-36C10F93B668,D8806207-31EF-4A41-9DB8-36C10F93B668,JB_Teste_CAMPANHA_OFFLINE_PROSPECT_COM_OTC_TEO_CxP,1,12/22/2021 7:57:46 AM,12/22/2021 7:58:46 AM,6/27/2022 2:58:39 AM,Deleted
126,9C92C007-337F-4CA6-8865-9D61516D90CE,D8806207-31EF-4A41-9DB8-36C10F93B668,JB_Teste_CAMPANHA_OFFLINE_PROSPECT_COM_OTC_TEO_CxP,2,12/22/2021 10:42:45 AM,12/22/2021 11:21:48 AM,6/27/2022 2:58:39 AM,Deleted
127,1E95A557-69D2-455E-B821-67174A9F55DB,1E95A557-69D2-455E-B821-67174A9F55DB,JB_CAMPANHA_BOAS_VINDAS_OUROCAP_CLIENTE,1,12/7/2021 3:44:33 PM,,7/16/2022 3:00:50 PM,Deleted
128,5DA18D01-0F30-440E-A612-3FF4FDAA0C32,5DA18D01-0F30-440E-A612-3FF4FDAA0C32," JB_CAMPANHA_RECOMANDO_G1",1,4/5/2021 3:49:06 PM,,10/25/2021 3:45:43 PM,Draft
129,8A57CB8C-E824-4E37-B2C9-18D5FCAC39A4,08B8DCEE-3B58-4939-B432-4AE400DC95D3,JB_CAMPANHA_PROPOSTA_OUROCAP_NAO_PAGA,2,4/5/2021 3:13:29 PM,,4/5/2021 3:14:59 PM,Deleted
130,08B8DCEE-3B58-4939-B432-4AE400DC95D3,08B8DCEE-3B58-4939-B432-4AE400DC95D3,JB_CAMPANHA_PROPOSTA_OUROCAP_NAO_PAGA,1,4/5/2021 2:50:51 PM,4/5/2021 2:52:48 PM,4/5/2021 3:14:59 PM,Deleted
131,AE0A968B-F465-4789-835D-71FC4125F5D1,AE0A968B-F465-4789-835D-71FC4125F5D1,JB_CAMPANHA_OFFLINE_PROSPECT_SEM_OTC_TEO,1,2/24/2021 3:25:13 PM,2/24/2021 3:44:06 PM,3/3/2021 3:26:51 PM,Deleted
132,63079BEF-147C-4579-9032-C5F22404CB2D,63079BEF-147C-4579-9032-C5F22404CB2D," JB_CAMPANHA_RECOMANDO_G1_TESTE",1,4/8/2021 3:10:11 PM,4/8/2021 3:12:05 PM,4/10/2021 7:52:15 AM,Stopped
133,13CBD4AE-EE37-4F31-B1FE-068FFC3EE143,9FE73749-3DE5-4503-9F28-1C7D86EEE878," JB_CAMPANHA_SORTEIO_PERIODICO_teste",12,9/13/2021 11:57:49 PM,9/13/2021 11:57:56 PM,9/13/2021 11:59:57 PM,Stopped
134,36D151C1-A29D-4827-8E96-0CD92A6A5B38,9FE73749-3DE5-4503-9F28-1C7D86EEE878," JB_CAMPANHA_SORTEIO_PERIODICO_teste",10,9/13/2021 11:40:01 PM,9/13/2021 11:51:50 PM,9/13/2021 11:53:24 PM,Stopped
135,9FE73749-3DE5-4503-9F28-1C7D86EEE878,9FE73749-3DE5-4503-9F28-1C7D86EEE878," JB_CAMPANHA_SORTEIO_PERIODICO_teste",1,8/12/2021 4:04:27 PM,8/12/2021 4:18:40 PM,8/13/2021 2:18:31 PM,Stopped
136,DFB5759B-627B-40D7-A4BC-26AAE91AE022,9FE73749-3DE5-4503-9F28-1C7D86EEE878," JB_CAMPANHA_SORTEIO_PERIODICO_teste",4,8/13/2021 12:00:52 PM,8/13/2021 12:03:23 PM,8/13/2021 1:34:06 PM,Stopped
137,CF513478-374C-4B8D-AA8A-2B3D8484E8B3,9FE73749-3DE5-4503-9F28-1C7D86EEE878," JB_CAMPANHA_SORTEIO_PERIODICO_teste",16,9/24/2021 1:03:40 PM,9/24/2021 1:04:48 PM,9/24/2021 1:22:30 PM,Stopped
138,75C8A3C3-1E39-4289-A10B-396C8D231E6B,9FE73749-3DE5-4503-9F28-1C7D86EEE878," JB_CAMPANHA_SORTEIO_PERIODICO_teste",9,8/20/2021 2:37:09 PM,8/20/2021 2:37:23 PM,9/13/2021 11:51:50 PM,Stopped
139,2C92E4C4-425A-4061-9359-DD6DA2DD3D0B,9FE73749-3DE5-4503-9F28-1C7D86EEE878," JB_CAMPANHA_SORTEIO_PERIODICO_teste",17,9/24/2021 1:22:21 PM,9/24/2021 1:22:30 PM,9/24/2021 1:29:21 PM,Stopped
140,6EC8ECA6-BD67-43BF-B2AD-E8E839CA2D71,9FE73749-3DE5-4503-9F28-1C7D86EEE878," JB_CAMPANHA_SORTEIO_PERIODICO_teste",3,8/13/2021 11:43:59 AM,8/13/2021 11:44:11 AM,8/13/2021 12:03:23 PM,Stopped
141,DF5788F3-2AC4-4538-850C-EB0E10C90603,9FE73749-3DE5-4503-9F28-1C7D86EEE878," JB_CAMPANHA_SORTEIO_PERIODICO_teste",19,9/28/2021 7:27:42 PM,9/28/2021 7:29:59 PM,5/9/2022 3:04:56 AM,Stopped
142,2D879C17-C7FE-4473-845F-EFEA8D778C2B,9FE73749-3DE5-4503-9F28-1C7D86EEE878," JB_CAMPANHA_SORTEIO_PERIODICO_teste",7,8/17/2021 3:49:56 PM,8/17/2021 3:54:44 PM,8/17/2021 4:28:22 PM,Stopped
143,5495D23E-1B39-4BED-BAC4-FF3BD26AFB12,9FE73749-3DE5-4503-9F28-1C7D86EEE878," JB_CAMPANHA_SORTEIO_PERIODICO_teste",18,9/24/2021 1:29:11 PM,9/24/2021 1:29:21 PM,5/9/2022 3:04:56 AM,Stopped
144,F9691E31-D9B0-44E6-9A25-FF9B8A72E1A0,9FE73749-3DE5-4503-9F28-1C7D86EEE878," JB_CAMPANHA_SORTEIO_PERIODICO_teste",5,8/13/2021 1:16:29 PM,8/13/2021 1:34:06 PM,8/13/2021 2:18:31 PM,Stopped
145,5A336F27-0AAD-4ECD-902B-6F5B27F951D8,9FE73749-3DE5-4503-9F28-1C7D86EEE878," JB_CAMPANHA_SORTEIO_PERIODICO_teste",2,8/12/2021 4:24:38 PM,8/12/2021 6:33:36 PM,8/13/2021 11:44:11 AM,Stopped
146,9642265A-04E1-43AD-9D22-871952B51BD4,9FE73749-3DE5-4503-9F28-1C7D86EEE878," JB_CAMPANHA_SORTEIO_PERIODICO_teste",8,8/17/2021 4:28:05 PM,8/17/2021 4:28:22 PM,9/24/2021 1:22:30 PM,Stopped
147,05598814-5F2F-41FE-8519-8809FF67F3A5,9FE73749-3DE5-4503-9F28-1C7D86EEE878," JB_CAMPANHA_SORTEIO_PERIODICO_teste",24,5/5/2022 1:47:54 AM,5/5/2022 2:06:59 AM,5/9/2022 3:04:56 AM,Stopped
148,280C2E9A-E387-4D1E-8FA9-95E5B05F204B,9FE73749-3DE5-4503-9F28-1C7D86EEE878," JB_CAMPANHA_SORTEIO_PERIODICO_teste",21,9/30/2021 12:49:25 PM,9/30/2021 12:49:32 PM,5/9/2022 3:04:56 AM,Stopped
149,0514B35F-F1F3-48E2-B6A2-B6D4D8F5062B,9FE73749-3DE5-4503-9F28-1C7D86EEE878," JB_CAMPANHA_SORTEIO_PERIODICO_teste",6,8/13/2021 1:42:45 PM,8/13/2021 2:18:31 PM,8/17/2021 4:28:22 PM,Stopped
150,40386A1A-7DC8-47D0-B1DA-DCE64B6B5FCE,9FE73749-3DE5-4503-9F28-1C7D86EEE878," JB_CAMPANHA_SORTEIO_PERIODICO_teste",15,9/24/2021 12:15:03 PM,9/24/2021 12:29:05 PM,9/24/2021 1:22:30 PM,Stopped
151,5E816D93-61BF-4FFD-AC1D-4A796FCD234A,9FE73749-3DE5-4503-9F28-1C7D86EEE878," JB_CAMPANHA_SORTEIO_PERIODICO_teste",13,9/13/2021 11:58:56 PM,9/13/2021 11:59:57 PM,9/24/2021 1:22:30 PM,Stopped
152,245B0E4B-CB02-4E77-A2F1-5410415486A2,9FE73749-3DE5-4503-9F28-1C7D86EEE878," JB_CAMPANHA_SORTEIO_PERIODICO_teste",14,9/15/2021 9:16:58 AM,9/15/2021 9:37:08 AM,9/24/2021 1:22:30 PM,Stopped
153,8E80AF82-D9D3-4B61-9BFD-5ED6DF7257DF,9FE73749-3DE5-4503-9F28-1C7D86EEE878," JB_CAMPANHA_SORTEIO_PERIODICO_teste",20,9/30/2021 9:32:51 AM,9/30/2021 12:42:38 PM,5/9/2022 3:04:56 AM,Stopped
154,C59E3A4D-EF7A-4EC2-9B30-5F43E92E5C13,9FE73749-3DE5-4503-9F28-1C7D86EEE878," JB_CAMPANHA_SORTEIO_PERIODICO_teste",11,9/13/2021 11:53:18 PM,9/13/2021 11:53:24 PM,9/13/2021 11:57:56 PM,Stopped
155,A28F38F8-E702-4AFB-B607-6A0DC104C73D,9FE73749-3DE5-4503-9F28-1C7D86EEE878," JB_CAMPANHA_SORTEIO_PERIODICO_teste",23,9/30/2021 4:40:44 PM,9/30/2021 4:42:53 PM,5/9/2022 3:04:56 AM,Stopped
156,BE8134D3-5C92-4B62-832B-6E75B9C8750C,9FE73749-3DE5-4503-9F28-1C7D86EEE878," JB_CAMPANHA_SORTEIO_PERIODICO_teste",22,9/30/2021 4:32:24 PM,9/30/2021 4:33:47 PM,9/30/2021 4:42:53 PM,Stopped
157,9AB50B62-11AF-427D-919C-AA8DD2FECB17,9AB50B62-11AF-427D-919C-AA8DD2FECB17,Jb_Campanha_FimdeAno2021,1,12/3/2021 5:34:09 PM,,12/3/2021 5:39:04 PM,Draft
158,EBB48076-E499-43AA-ADC0-0894F06ED77C,1C922439-0506-48D5-BE48-79A69762D9BB,JB_CAMPANHA_OFFLINE_PROSPECT_COM_OTC_TEO,3,2/24/2021 4:30:53 PM,2/24/2021 4:32:01 PM,3/3/2021 3:21:03 PM,Deleted
159,1C922439-0506-48D5-BE48-79A69762D9BB,1C922439-0506-48D5-BE48-79A69762D9BB,JB_CAMPANHA_OFFLINE_PROSPECT_COM_OTC_TEO,1,2/24/2021 3:54:12 PM,2/24/2021 3:59:12 PM,3/3/2021 3:21:03 PM,Deleted
160,237AC273-1585-419F-B816-F0856F00A561,1C922439-0506-48D5-BE48-79A69762D9BB,JB_CAMPANHA_OFFLINE_PROSPECT_COM_OTC_TEO,2,2/24/2021 4:29:52 PM,,3/3/2021 3:21:03 PM,Deleted
161,B80C6163-4826-410E-8999-79CC8C8142F9,B80C6163-4826-410E-8999-79CC8C8142F9,JB_CAMPANHA_FIM_PLANO_OUROCAP_PU_PP_COMOTC_NEOBPO__2,1,12/8/2021 12:59:16 PM,,12/8/2021 1:00:03 PM,Deleted
162,5AA40DDB-5DCF-40BA-805D-27E37CB768C2,5AA40DDB-5DCF-40BA-805D-27E37CB768C2,JB_CAMPANHA_ONLINE_PROSPECT_COM_OTC_NEOBPO,1,10/21/2021 4:20:12 PM,10/26/2021 3:47:59 PM,10/26/2021 3:47:59 PM,Running
163,F32EF5E2-4EE9-4B93-8EB0-AC32C61E86BC,5AA40DDB-5DCF-40BA-805D-27E37CB768C2,JB_CAMPANHA_ONLINE_PROSPECT_COM_OTC_NEOBPO,2,11/4/2021 5:16:03 PM,,11/4/2021 5:16:03 PM,Draft
164,28D860F2-0E74-454E-BE41-00DF9CC0B3C2,5DD89812-B33A-4715-943B-28A9B356A924,JB_CAMPANHA_ONLINE_CLIENTE_COM_OTC_NEOBPO,7,8/2/2021 1:04:51 PM,8/2/2021 2:46:01 PM,8/2/2021 7:20:47 PM,Finishing
165,8DA8AECE-59CF-4A48-945D-07C92E394765,5DD89812-B33A-4715-943B-28A9B356A924,JB_CAMPANHA_ONLINE_CLIENTE_COM_OTC_NEOBPO,5,7/6/2021 2:40:17 PM,7/6/2021 2:41:01 PM,8/2/2021 2:46:01 PM,Finishing
166,25CFBFDA-EF89-43E6-87EE-10B07E439C2B,5DD89812-B33A-4715-943B-28A9B356A924,JB_CAMPANHA_ONLINE_CLIENTE_COM_OTC_NEOBPO,10,8/2/2021 8:17:58 PM,,10/21/2021 4:15:57 PM,Deleted
167,5DD89812-B33A-4715-943B-28A9B356A924,5DD89812-B33A-4715-943B-28A9B356A924,JB_CAMPANHA_ONLINE_CLIENTE_COM_OTC_NEOBPO,1,3/8/2021 3:31:34 PM,3/10/2021 4:40:08 PM,3/12/2021 2:59:17 PM,Finishing
168,24A45280-636E-4472-AA23-332AEC24B4F4,5DD89812-B33A-4715-943B-28A9B356A924,JB_CAMPANHA_ONLINE_CLIENTE_COM_OTC_NEOBPO,4,4/22/2021 2:25:26 PM,,7/6/2021 2:41:01 PM,Deleted
169,883A449E-BD9F-47B9-A663-4DBCB9CBFCA5,5DD89812-B33A-4715-943B-28A9B356A924,JB_CAMPANHA_ONLINE_CLIENTE_COM_OTC_NEOBPO,6,8/2/2021 8:41:43 AM,,8/2/2021 2:46:01 PM,Deleted
170,A4024DA7-80EE-4954-B508-6646A209EB49,5DD89812-B33A-4715-943B-28A9B356A924,JB_CAMPANHA_ONLINE_CLIENTE_COM_OTC_NEOBPO,9,8/2/2021 7:45:25 PM,8/2/2021 8:16:42 PM,8/2/2021 8:16:42 PM,Running
171,8443F6E8-1A6F-4C85-934A-7E5660D9558E,5DD89812-B33A-4715-943B-28A9B356A924,JB_CAMPANHA_ONLINE_CLIENTE_COM_OTC_NEOBPO,8,8/2/2021 5:19:20 PM,8/2/2021 7:20:47 PM,8/2/2021 8:17:20 PM,Stopped
172,35E6E48B-BD0F-4BD3-9270-8037EEC72E44,5DD89812-B33A-4715-943B-28A9B356A924,JB_CAMPANHA_ONLINE_CLIENTE_COM_OTC_NEOBPO,3,4/8/2021 5:50:09 PM,4/8/2021 5:57:13 PM,7/6/2021 2:41:01 PM,Finishing
173,D06BD063-931B-4CB3-8D2E-A1EC37EE9273,5DD89812-B33A-4715-943B-28A9B356A924,JB_CAMPANHA_ONLINE_CLIENTE_COM_OTC_NEOBPO,2,3/11/2021 9:56:06 AM,3/12/2021 2:59:17 PM,4/8/2021 5:57:13 PM,Finishing
174,A1DC8ECE-B787-4DFC-BC19-D4C8A98EBC28,5DD89812-B33A-4715-943B-28A9B356A924,JB_CAMPANHA_ONLINE_CLIENTE_COM_OTC_NEOBPO,11,10/21/2021 4:16:03 PM,,10/21/2021 4:16:03 PM,Draft
175,A41F6181-4445-4546-9373-2AB382032225,A41F6181-4445-4546-9373-2AB382032225,JB_CAMPANHA_OFFLINE_PROSPECT_SEM_OTC_ALGAR,1,3/3/2021 3:15:05 PM,3/3/2021 3:17:28 PM,3/22/2021 2:33:16 PM,Finishing
176,3851BBE4-38E2-495F-A580-3E50EF06EBC2,A41F6181-4445-4546-9373-2AB382032225,JB_CAMPANHA_OFFLINE_PROSPECT_SEM_OTC_ALGAR,4,7/5/2021 6:06:37 PM,7/5/2021 6:10:57 PM,7/5/2021 6:10:57 PM,Running
177,C970E698-0F42-45FD-8663-423ECDF48460,A41F6181-4445-4546-9373-2AB382032225,JB_CAMPANHA_OFFLINE_PROSPECT_SEM_OTC_ALGAR,2,3/22/2021 2:28:00 PM,3/22/2021 2:33:16 PM,7/5/2021 6:10:57 PM,Finishing
178,58637CEE-A4CC-4EC6-953F-C0BACBB38E21,A41F6181-4445-4546-9373-2AB382032225,JB_CAMPANHA_OFFLINE_PROSPECT_SEM_OTC_ALGAR,3,3/22/2021 2:53:02 PM,,7/5/2021 6:10:57 PM,Deleted
179,8793B101-A02D-460E-B9BD-2C027F02B9A3,8793B101-A02D-460E-B9BD-2C027F02B9A3,JB_CAMPANHA_OFFLINE_PROSPECT_SEM_OTC_TMKT,1,2/24/2021 3:44:36 PM,2/24/2021 3:49:35 PM,3/3/2021 3:23:35 PM,Deleted
180,35305428-142A-4E8F-9985-D5E2AE5B9EAD,8793B101-A02D-460E-B9BD-2C027F02B9A3,JB_CAMPANHA_OFFLINE_PROSPECT_SEM_OTC_TMKT,2,2/24/2021 4:27:59 PM,2/24/2021 4:38:24 PM,3/3/2021 3:23:35 PM,Deleted
181,FCE4D612-DD6D-4548-9120-2FB61DCDB45B,FCE4D612-DD6D-4548-9120-2FB61DCDB45B,JB_CAMPANHA_REVENDA_OUROCAP_COMOTC_TMKT,1,7/12/2021 2:27:21 PM,,7/12/2021 3:28:36 PM,Deleted
182,A0DB1A35-9095-4BDB-8DDF-2931B070B651,71D85985-8F7A-41FA-AD91-313D951A7145,BOAS_VINDAS_OUROCAP_CARACTERISTICAS,3,1/17/2022 6:55:04 PM,1/17/2022 6:55:25 PM,1/17/2022 6:55:25 PM,Running
183,CAC3CE4A-0075-409B-BA42-2EB1B60EABCE,71D85985-8F7A-41FA-AD91-313D951A7145,BOAS_VINDAS_OUROCAP_CARACTERISTICAS,2,1/14/2022 6:03:52 PM,1/14/2022 7:47:44 PM,1/17/2022 6:55:25 PM,Finishing
184,71D85985-8F7A-41FA-AD91-313D951A7145,71D85985-8F7A-41FA-AD91-313D951A7145,BOAS_VINDAS_OUROCAP_CARACTERISTICAS,1,11/7/2021 12:33:55 PM,12/14/2021 2:06:45 PM,1/14/2022 7:47:44 PM,Finishing
185,71A04A1F-4522-4953-BECF-32A6AE29ABDD,71A04A1F-4522-4953-BECF-32A6AE29ABDD,JB_CAMPANHA_REVENDA_OUROCAP_COMOTC_NEOBPO vSingleSend,1,7/27/2021 8:24:59 AM,,7/27/2021 11:41:51 AM,Deleted
186,1ACC057F-EF41-4009-8B00-35D96244BAE8,1ACC057F-EF41-4009-8B00-35D96244BAE8,JB_CAMPANHA-AUTOMATICA_REVENDA-OUROCAP-COMOTC-NEOBPO,1,4/7/2021 3:42:35 PM,,4/7/2021 3:50:58 PM,Deleted
187,602E2AA2-9CCC-4DED-9887-BE365200A0EE,602E2AA2-9CCC-4DED-9887-BE365200A0EE,Nova jornada - 1 de dezembro de 2020 19.48,1,12/1/2020 4:54:50 PM,12/1/2020 4:56:25 PM,6/27/2022 4:24:59 AM,Deleted
188,663FAB6E-3AB8-4CB2-B150-C57F48413838,602E2AA2-9CCC-4DED-9887-BE365200A0EE,Nova jornada - 1 de dezembro de 2020 19.48,2,12/8/2020 2:31:22 PM,,6/27/2022 4:24:59 AM,Deleted
189,8EE7700B-3384-491F-BA59-0EC01BBDD25E,E652A42A-E9AE-45EA-9060-C1735BC96DE3,JB_CAMPANHA_OFFLINE_EX_CLIENTE_COM_OTC_TMKT,2,7/5/2021 6:02:00 PM,7/5/2021 6:03:54 PM,8/23/2021 6:46:07 PM,Finishing
190,B781F295-14C3-43BB-B701-B10D0C9DB4FC,E652A42A-E9AE-45EA-9060-C1735BC96DE3,JB_CAMPANHA_OFFLINE_EX_CLIENTE_COM_OTC_TMKT,4,11/3/2021 7:14:08 PM,5/31/2022 3:03:50 AM,5/31/2022 3:03:50 AM,Running
191,A989C747-8E4E-4C62-A06D-BF24FD4D9C68,E652A42A-E9AE-45EA-9060-C1735BC96DE3,JB_CAMPANHA_OFFLINE_EX_CLIENTE_COM_OTC_TMKT,3,8/23/2021 6:44:01 PM,8/23/2021 6:46:07 PM,5/31/2022 3:03:50 AM,Finishing
192,E652A42A-E9AE-45EA-9060-C1735BC96DE3,E652A42A-E9AE-45EA-9060-C1735BC96DE3,JB_CAMPANHA_OFFLINE_EX_CLIENTE_COM_OTC_TMKT,1,7/5/2021 2:21:35 PM,7/5/2021 2:32:09 PM,7/5/2021 6:03:54 PM,Finishing
193,F8257A91-9F00-48E9-8CA4-129C5AB13207,ACF99C47-48DB-4BE6-A63E-C2AE14D7B994,Nova jornada - 20 de abril de 2020 11.59,4,4/20/2020 1:43:09 PM,4/20/2020 1:48:17 PM,4/23/2020 12:24:04 PM,Deleted
194,796F1241-F934-4DCD-87A8-1615AACD4596,ACF99C47-48DB-4BE6-A63E-C2AE14D7B994,Nova jornada - 20 de abril de 2020 11.59,2,4/20/2020 12:34:54 PM,4/20/2020 1:20:03 PM,4/23/2020 12:24:04 PM,Deleted
195,7786FD41-0FAE-4AF4-AE57-5796A592F45D,ACF99C47-48DB-4BE6-A63E-C2AE14D7B994,Nova jornada - 20 de abril de 2020 11.59,3,4/20/2020 1:20:51 PM,4/20/2020 1:21:02 PM,4/23/2020 12:24:04 PM,Deleted
196,7F992DE5-1BE0-40C9-A074-ADAE99EC6453,ACF99C47-48DB-4BE6-A63E-C2AE14D7B994,Nova jornada - 20 de abril de 2020 11.59,5,4/20/2020 1:56:10 PM,,4/23/2020 12:24:04 PM,Deleted
197,ACF99C47-48DB-4BE6-A63E-C2AE14D7B994,ACF99C47-48DB-4BE6-A63E-C2AE14D7B994,Nova jornada - 20 de abril de 2020 11.59,1,4/20/2020 9:50:46 AM,4/20/2020 9:50:51 AM,4/23/2020 12:24:04 PM,Deleted
198,EE5F3CFC-D358-43C5-A6AA-41DF1CEDD97B,4FA020DA-8C43-4DA3-80B4-CB0769F9045A,JB_CAMPANHA_RECOMANDO_G2_Validacao,3,4/12/2021 5:57:49 PM,4/12/2021 6:00:29 PM,4/12/2021 6:00:29 PM,Running
199,50E52779-55E1-4377-B74E-AC7B3BB4A708,4FA020DA-8C43-4DA3-80B4-CB0769F9045A,JB_CAMPANHA_RECOMANDO_G2_Validacao,2,4/10/2021 1:57:36 PM,4/10/2021 9:43:10 PM,4/12/2021 6:00:29 PM,Stopped
200,C3B7A953-3BC3-4387-BA26-C7714A7DE4AE,4FA020DA-8C43-4DA3-80B4-CB0769F9045A,JB_CAMPANHA_RECOMANDO_G2_Validacao,4,9/22/2021 1:31:28 PM,,9/27/2021 3:31:59 PM,Draft
201,4FA020DA-8C43-4DA3-80B4-CB0769F9045A,4FA020DA-8C43-4DA3-80B4-CB0769F9045A,JB_CAMPANHA_RECOMANDO_G2_Validacao,1,4/10/2021 7:40:17 AM,4/10/2021 7:50:05 AM,4/10/2021 9:43:10 PM,Finishing
202,544DEC29-A2F7-4B7A-B4A6-14862D3F866E,544DEC29-A2F7-4B7A-B4A6-14862D3F866E,Teste_Proposta_offline_Nso_paga,1,1/18/2022 8:09:26 AM,,1/18/2022 8:09:26 AM,Draft
203,8D7B7F85-94A6-49DB-9188-1FE3ADE90992,8D7B7F85-94A6-49DB-9188-1FE3ADE90992,JB_CAMPANHA_OFFLINE_PROSPECT_NEOBPO,1,2/16/2021 8:47:24 AM,2/16/2021 8:48:58 AM,2/18/2021 4:08:43 PM,Deleted
204,837D173D-D307-4509-821E-261EE96599CD,837D173D-D307-4509-821E-261EE96599CD,JB_CAMPANHA_REVENDA_OUROCAP_COMOTC_NEOBPO_Teste,1,7/12/2021 2:27:51 PM,,7/12/2021 2:27:51 PM,Draft
205,8D3A1AFC-48EB-44C5-8446-AB277DD67077,8D3A1AFC-48EB-44C5-8446-AB277DD67077,JB_Campanha_Automatica_Contemplação_Ourocap,1,9/13/2021 4:51:14 PM,,9/13/2021 4:51:43 PM,Draft
206,8890C395-33FB-48F3-B6A5-B28F07F31EC1,D6C74FE6-983A-485B-974F-B6A18BAC40E0,JB_Contemplação,4,7/1/2022 6:48:27 AM,,7/1/2022 11:27:53 AM,Draft
207,D6C74FE6-983A-485B-974F-B6A18BAC40E0,D6C74FE6-983A-485B-974F-B6A18BAC40E0,JB_Contemplação,1,3/30/2022 9:14:30 AM,3/30/2022 9:14:43 AM,7/3/2022 5:15:39 AM,Finishing
208,533FE198-3A7B-43C8-8598-CFDBC0612527,D6C74FE6-983A-485B-974F-B6A18BAC40E0,JB_Contemplação,2,4/5/2022 6:54:34 PM,6/19/2022 6:39:57 AM,6/20/2022 2:24:50 PM,Stopped
209,935DEC4F-86DC-452F-8352-FDF03E4C192D,D6C74FE6-983A-485B-974F-B6A18BAC40E0,JB_Contemplação,3,6/20/2022 2:24:39 PM,6/20/2022 2:24:50 PM,6/20/2022 2:24:50 PM,Running
210,77F717D9-5759-40EF-8205-D59E8EEBC990,77F717D9-5759-40EF-8205-D59E8EEBC990,JB_CAMPANHA_OFFLINE_PROSPECT_COM_OTC_TEO,1,2/22/2021 3:58:26 PM,2/22/2021 4:06:49 PM,2/22/2021 5:32:22 PM,Deleted
211,BBC42978-1E89-4862-A795-03B60C4673BE,BBC42978-1E89-4862-A795-03B60C4673BE,LLL JB_CAMPANHA_ONLINE_CLIENTE_COM_OTC_NEOBPO,1,8/2/2021 2:25:06 PM,,8/2/2021 2:26:16 PM,Deleted
212,934D3DD2-1169-43F6-9836-055790B03909,934D3DD2-1169-43F6-9836-055790B03909," JB_CAMPANHA_RECOMANDO_G2",1,4/5/2021 4:07:04 PM,,10/25/2021 3:41:12 PM,Draft
213,6F6A8B57-43B2-48BE-814A-056DD5895F72,6F6A8B57-43B2-48BE-814A-056DD5895F72,JB_CAMPANHA_OFFLINE_PROSPECT_NEOBPO,1,2/16/2021 8:36:23 AM,2/16/2021 8:45:19 AM,2/16/2021 8:47:34 AM,Deleted
214,37D9F2E3-753F-4BA2-96F1-0D5B8F046488,37D9F2E3-753F-4BA2-96F1-0D5B8F046488,JB_CAMPANHA_OFFLINE_PROSPECT_COM_OTC_TEO,1,3/3/2021 3:20:47 PM,3/3/2021 3:21:32 PM,3/22/2021 1:40:09 PM,Finishing
215,BBC235BB-9C9B-43E6-93A9-2403E419913A,37D9F2E3-753F-4BA2-96F1-0D5B8F046488,JB_CAMPANHA_OFFLINE_PROSPECT_COM_OTC_TEO,6,6/7/2021 4:40:25 PM,6/7/2021 4:58:40 PM,7/5/2021 6:10:58 PM,Finishing
216,38F78519-B711-4292-83E2-3579F36B2764,37D9F2E3-753F-4BA2-96F1-0D5B8F046488,JB_CAMPANHA_OFFLINE_PROSPECT_COM_OTC_TEO,9,7/22/2021 7:17:28 AM,7/22/2021 7:23:13 AM,7/22/2021 7:23:13 AM,Running
217,8E0FBE68-6D84-4F67-93B0-48133D635D7E,37D9F2E3-753F-4BA2-96F1-0D5B8F046488,JB_CAMPANHA_OFFLINE_PROSPECT_COM_OTC_TEO,5,6/3/2021 8:25:11 AM,6/3/2021 8:30:26 AM,6/7/2021 4:58:40 PM,Finishing
218,864EB7A0-7347-42C1-9854-49CF403F875A,37D9F2E3-753F-4BA2-96F1-0D5B8F046488,JB_CAMPANHA_OFFLINE_PROSPECT_COM_OTC_TEO,4,4/29/2021 8:50:24 AM,6/3/2021 8:07:44 AM,6/3/2021 8:30:26 AM,Finishing
219,579B58C1-3E45-4232-B10F-68E8394DDD51,37D9F2E3-753F-4BA2-96F1-0D5B8F046488,JB_CAMPANHA_OFFLINE_PROSPECT_COM_OTC_TEO,2,3/22/2021 12:49:02 PM,3/22/2021 1:40:09 PM,3/22/2021 2:50:09 PM,Finishing
220,AE04BEB9-BD2E-44AA-9081-6C7DE89A62F1,37D9F2E3-753F-4BA2-96F1-0D5B8F046488,JB_CAMPANHA_OFFLINE_PROSPECT_COM_OTC_TEO,10,10/11/2021 6:50:22 PM,,10/11/2021 6:50:22 PM,Draft
221,4216B2CA-FB0B-433D-8C19-B1FF75B16B50,37D9F2E3-753F-4BA2-96F1-0D5B8F046488,JB_CAMPANHA_OFFLINE_PROSPECT_COM_OTC_TEO,7,6/29/2021 10:12:24 AM,,7/5/2021 6:10:58 PM,Deleted
222,61D97D25-C21E-404C-A764-DC797AA694F2,37D9F2E3-753F-4BA2-96F1-0D5B8F046488,JB_CAMPANHA_OFFLINE_PROSPECT_COM_OTC_TEO,3,3/22/2021 2:48:19 PM,3/22/2021 2:50:09 PM,6/3/2021 8:07:44 AM,Finishing
223,79C568AE-7F2A-4D18-9D0E-DD317332A441,37D9F2E3-753F-4BA2-96F1-0D5B8F046488,JB_CAMPANHA_OFFLINE_PROSPECT_COM_OTC_TEO,8,7/5/2021 6:06:30 PM,7/5/2021 6:10:58 PM,7/22/2021 7:23:13 AM,Finishing
224,94BB1E4C-7746-4168-A7CF-0D8B58CE467E,94BB1E4C-7746-4168-A7CF-0D8B58CE467E," JB_CAMPANHA_RECOMANDO_G2_Teste",1,4/8/2021 3:13:05 PM,4/8/2021 3:14:43 PM,4/10/2021 7:52:39 AM,Stopped
225,B9AA6338-213B-4867-B2C8-1044ACFEE3FD,B9AA6338-213B-4867-B2C8-1044ACFEE3FD," JB_CAMPANHA_SORTEIO_PERIODICO_PU",1,6/13/2022 10:49:15 AM,6/19/2022 11:17:02 AM,6/21/2022 2:35:48 PM,Finishing
226,F952BF08-B677-4352-A2E8-5055315D1C1C,B9AA6338-213B-4867-B2C8-1044ACFEE3FD," JB_CAMPANHA_SORTEIO_PERIODICO_PU",2,6/21/2022 2:24:11 PM,6/21/2022 2:35:48 PM,6/21/2022 2:35:48 PM,Running
227,5100D84A-CC40-4109-A27D-1215D5E14255,5100D84A-CC40-4109-A27D-1215D5E14255,WWRWYWQEH WTQ,1,4/7/2021 3:49:13 PM,,4/7/2021 3:50:04 PM,Deleted
228,BB5BD1F2-4546-4655-8763-12FD628FF17C,BB5BD1F2-4546-4655-8763-12FD628FF17C,Nova jornada - 28 de julho de 2021 13.52,1,7/28/2021 10:55:14 AM,,7/28/2021 10:55:14 AM,Draft
229,DA50025C-72B1-4722-B11E-9BBD795F38CF,DA50025C-72B1-4722-B11E-9BBD795F38CF,JB_CAMPANHA_BOAS_VINDAS_POSTALCAP_CLIENTE,1,8/4/2021 5:06:44 PM,,8/20/2021 4:31:27 PM,Draft
230,23AA3EFA-E60E-470E-9B64-9BDC01D9D186,23AA3EFA-E60E-470E-9B64-9BDC01D9D186,TESTE_JORGE,1,12/6/2021 4:34:40 PM,,12/6/2021 4:34:53 PM,Deleted
231,C0B7147A-09BB-429D-B0D1-9C322A583B52,C0B7147A-09BB-429D-B0D1-9C322A583B52,TESTE_CAMPANHA_PROSPECT,1,6/22/2021 4:34:11 PM,6/22/2021 4:45:00 PM,6/22/2021 5:20:57 PM,Deleted
232,76CF0499-6E12-4D26-8806-9FBE737B27DD,76CF0499-6E12-4D26-8806-9FBE737B27DD,Envio de SMS 31 de julho,1,7/29/2022 12:04:55 PM,7/29/2022 1:50:15 PM,7/29/2022 1:50:15 PM,Running
233,659FA26F-A86A-4872-8BF3-A6A2D8F3C721,659FA26F-A86A-4872-8BF3-A6A2D8F3C721,JB_CAMPANHA_OFFLINE_PROSPECT_COM_OTC_ALGAR,1,2/22/2021 3:57:54 PM,2/22/2021 3:59:29 PM,3/3/2021 3:14:45 PM,Deleted
234,C83975F9-EC1C-4891-8099-CADD3A092C56,659FA26F-A86A-4872-8BF3-A6A2D8F3C721,JB_CAMPANHA_OFFLINE_PROSPECT_COM_OTC_ALGAR,2,2/23/2021 4:21:00 PM,2/23/2021 4:21:04 PM,3/3/2021 3:14:45 PM,Deleted
235,4467A835-B0B8-475A-A8B5-F42173AAB0FD,4467A835-B0B8-475A-A8B5-F42173AAB0FD,JB_CAMPANHA_FIM_PLANO_OUROCAP_PU_PP_COMOTC_NEOBPO_,1,12/6/2021 4:17:03 PM,12/6/2021 4:21:02 PM,12/6/2021 4:34:13 PM,Deleted
236,2122FA5B-21A3-4A16-93EA-9EC4C4195A7B,B7791F21-20D9-4E85-BA7B-F4A821F482D5,JB_CAMPANHA_ONLINE_PROSPECT_COM_OTC_NEOBPO_PUB3,2,11/13/2021 2:18:00 AM,11/13/2021 2:21:51 AM,11/13/2021 2:21:51 AM,Running
237,B7791F21-20D9-4E85-BA7B-F4A821F482D5,B7791F21-20D9-4E85-BA7B-F4A821F482D5,JB_CAMPANHA_ONLINE_PROSPECT_COM_OTC_NEOBPO_PUB3,1,11/8/2021 5:05:16 PM,11/12/2021 6:46:48 AM,11/13/2021 2:21:51 AM,Finishing
238,81D336C1-A498-4640-AEF5-A2BE3DB1AD0C,8C1116E3-6CD6-43AF-88B8-F64AED4D49F5,JB_CAMPANHA_OFFLINE_PROSPECT_SEM_OTC_TMKT,3,7/5/2021 6:06:40 PM,7/5/2021 6:12:53 PM,7/5/2021 6:12:53 PM,Running
239,D7C0D3C9-6C4F-49E0-8E38-F0A3D4D6863E,8C1116E3-6CD6-43AF-88B8-F64AED4D49F5,JB_CAMPANHA_OFFLINE_PROSPECT_SEM_OTC_TMKT,2,3/22/2021 2:36:17 PM,3/22/2021 2:38:29 PM,7/5/2021 6:12:53 PM,Finishing
240,8C1116E3-6CD6-43AF-88B8-F64AED4D49F5,8C1116E3-6CD6-43AF-88B8-F64AED4D49F5,JB_CAMPANHA_OFFLINE_PROSPECT_SEM_OTC_TMKT,1,3/3/2021 3:23:26 PM,3/3/2021 3:24:36 PM,3/22/2021 2:38:29 PM,Finishing
241,A4E0EBCA-A2E8-4CD9-9F38-2D530A3BCFFC,9863FFCB-2BE4-46C6-A2F8-FF4E0998F593,JB_CAMPANHA_RECOMANDO_G3,3,7/6/2021 2:42:37 PM,,10/25/2021 3:43:16 PM,Draft
242,CCE67D5F-72E0-4030-AAE6-4EF8DAB58901,9863FFCB-2BE4-46C6-A2F8-FF4E0998F593,JB_CAMPANHA_RECOMANDO_G3,2,4/10/2021 7:17:41 AM,,7/6/2021 2:42:28 PM,Deleted
243,9863FFCB-2BE4-46C6-A2F8-FF4E0998F593,9863FFCB-2BE4-46C6-A2F8-FF4E0998F593,JB_CAMPANHA_RECOMANDO_G3,1,4/5/2021 4:08:52 PM,4/8/2021 3:15:53 PM,4/10/2021 7:51:52 AM,Stopped
244,B1E8D43F-060A-4F2B-8A20-26A0DC3B44FF,B1E8D43F-060A-4F2B-8A20-26A0DC3B44FF,TESTE001,1,12/1/2021 8:27:50 PM,,12/1/2021 8:30:28 PM,Deleted
245,3DCD0C93-F146-49DB-827E-0802C4DF6D28,38D85D38-911C-4C33-A210-767846E6ACC7,JB_CAMPANHA_OFFLINE_PROSPECT_COM_OTC_ALGAR,2,3/15/2021 4:50:22 PM,3/15/2021 5:01:31 PM,3/16/2021 2:18:19 PM,Finishing
246,BD2CAD4A-E1D0-4C3D-9B18-12C82480D34E,38D85D38-911C-4C33-A210-767846E6ACC7,JB_CAMPANHA_OFFLINE_PROSPECT_COM_OTC_ALGAR,7,7/5/2021 6:06:27 PM,7/5/2021 6:09:36 PM,7/22/2021 4:15:35 PM,Finishing
247,B2D4592E-5C3A-4522-9217-4E41ED1432F8,38D85D38-911C-4C33-A210-767846E6ACC7,JB_CAMPANHA_OFFLINE_PROSPECT_COM_OTC_ALGAR,5,3/22/2021 2:45:40 PM,,7/5/2021 6:09:36 PM,Deleted
248,E4514635-2478-4645-AB21-5246DFCF0414,38D85D38-911C-4C33-A210-767846E6ACC7,JB_CAMPANHA_OFFLINE_PROSPECT_COM_OTC_ALGAR,9,8/2/2021 7:49:52 PM,,8/2/2021 7:49:52 PM,Draft
249,38D85D38-911C-4C33-A210-767846E6ACC7,38D85D38-911C-4C33-A210-767846E6ACC7,JB_CAMPANHA_OFFLINE_PROSPECT_COM_OTC_ALGAR,1,3/3/2021 3:14:32 PM,3/3/2021 3:17:03 PM,3/15/2021 5:01:31 PM,Finishing
250,B4CF25FA-2221-4C74-B3F1-8AFAE1235B7A,38D85D38-911C-4C33-A210-767846E6ACC7,JB_CAMPANHA_OFFLINE_PROSPECT_COM_OTC_ALGAR,6,4/28/2021 11:26:50 AM,,7/5/2021 6:09:36 PM,Deleted
251,8BCB7083-69E8-487A-8A2A-9756B7124AC2,38D85D38-911C-4C33-A210-767846E6ACC7,JB_CAMPANHA_OFFLINE_PROSPECT_COM_OTC_ALGAR,3,3/16/2021 2:08:29 PM,3/16/2021 2:18:19 PM,8/12/2021 4:54:55 PM,Stopped
252,CBB6D551-1E4A-4F10-9D3D-D0709B8CB5A7,38D85D38-911C-4C33-A210-767846E6ACC7,JB_CAMPANHA_OFFLINE_PROSPECT_COM_OTC_ALGAR,8,7/6/2021 2:30:56 PM,7/22/2021 4:15:35 PM,7/22/2021 4:15:35 PM,Running
253,DEE764D6-515A-4D37-A11F-F20620836FF0,38D85D38-911C-4C33-A210-767846E6ACC7,JB_CAMPANHA_OFFLINE_PROSPECT_COM_OTC_ALGAR,4,3/16/2021 2:45:48 PM,3/18/2021 12:30:52 PM,7/5/2021 6:09:36 PM,Finishing
254,B6FE9504-6210-4B61-B5BC-77A527DC0BDE,B6FE9504-6210-4B61-B5BC-77A527DC0BDE,BOAS_VINDAS_OUROCAP_CARACTERISTICAS_Legado_Jan_2022,1,1/15/2022 11:49:57 AM,1/15/2022 3:01:58 PM,1/15/2022 3:01:58 PM,Running
255,979BC74E-ACCA-4825-869E-5DF212D1EB9C,979BC74E-ACCA-4825-869E-5DF212D1EB9C,JB_CAMPANHA_FIM_PLANO_OUROCAP_PU_PP_COMOTC_NEOBPO_,1,12/6/2021 4:16:09 PM,,12/6/2021 4:16:19 PM,Deleted
256,581CFA47-672C-4F40-9ECB-6D0789006373,EB596FC1-B275-4C89-9C2F-ACA31718C623," JB_CAMPANHA_SORTEIO_PERIODICO",2,5/6/2022 10:47:16 AM,6/13/2022 10:01:14 PM,6/13/2022 10:01:14 PM,Running
257,121E5B92-6AED-4B76-B68D-8F0AFF1BD13D,EB596FC1-B275-4C89-9C2F-ACA31718C623," JB_CAMPANHA_SORTEIO_PERIODICO",3,6/21/2022 8:15:55 PM,,7/8/2022 3:02:49 AM,Draft
258,EB596FC1-B275-4C89-9C2F-ACA31718C623,EB596FC1-B275-4C89-9C2F-ACA31718C623," JB_CAMPANHA_SORTEIO_PERIODICO",1,8/2/2021 6:21:12 AM,5/6/2022 10:47:06 AM,6/13/2022 10:01:14 PM,Finishing
259,29802390-C0EF-450F-AF9C-E8ABEDFB88DB,29802390-C0EF-450F-AF9C-E8ABEDFB88DB,JB_CAMPANHA_OFFLINE_PROSPECT_ALGAR,1,2/22/2021 3:56:42 PM,2/22/2021 3:56:54 PM,2/22/2021 3:59:19 PM,Deleted
260,9C9C72EF-3A2D-42DE-B1C8-243C310B4434,9C9C72EF-3A2D-42DE-B1C8-243C310B4434,Pre_Sorteio_Validacao_Peca,1,7/8/2022 4:22:35 AM,7/8/2022 4:22:45 AM,7/8/2022 4:22:45 AM,Running
261,E9D1A1C8-9D3D-4920-AA5B-F7F3617D0AD1,E9D1A1C8-9D3D-4920-AA5B-F7F3617D0AD1,Pre_Sorteio_Validacao_Peca_v2,1,7/8/2022 10:14:19 AM,7/8/2022 10:14:59 AM,7/8/2022 10:14:59 AM,Running
262,7C6AF330-E821-4020-930B-8D17F2848653,7C6AF330-E821-4020-930B-8D17F2848653,Jr_Campanha_Prospect,1,1/5/2021 4:22:00 PM,,1/5/2021 5:05:37 PM,Draft
263,05551261-B613-491D-A8E0-57CDFAE61135,F99CAEB1-F2FE-4879-8215-8526A0250113,JB_CAMPANHA_OFFLINE_PROSPECT_SEM_OTC_TEO,2,3/22/2021 2:33:32 PM,3/22/2021 2:36:02 PM,7/5/2021 6:11:57 PM,Finishing
264,B39E6193-8484-4455-89B7-737693B102C9,F99CAEB1-F2FE-4879-8215-8526A0250113,JB_CAMPANHA_OFFLINE_PROSPECT_SEM_OTC_TEO,3,7/5/2021 6:06:39 PM,7/5/2021 6:11:57 PM,7/5/2021 6:11:57 PM,Running
265,F99CAEB1-F2FE-4879-8215-8526A0250113,F99CAEB1-F2FE-4879-8215-8526A0250113,JB_CAMPANHA_OFFLINE_PROSPECT_SEM_OTC_TEO,1,3/3/2021 3:26:42 PM,3/3/2021 3:27:22 PM,3/22/2021 2:36:02 PM,Finishing
266,0D7F9883-B675-47FC-A3B7-853C99240091,0D7F9883-B675-47FC-A3B7-853C99240091,TEST Upsert CampaignMember,1,5/8/2022 2:51:01 AM,,6/27/2022 9:07:47 PM,Deleted
267,8429F1B8-891C-4B6F-83F7-87221537FA93,8429F1B8-891C-4B6F-83F7-87221537FA93,JB_TESTES_JORGE,1,10/20/2021 4:36:33 PM,10/20/2021 4:36:37 PM,6/27/2022 3:00:38 AM,Deleted
268,622D7688-65CF-489F-88C2-2393B0824660,8FB0EE57-A120-451C-B36C-8B581E6D45F1,Nova jornada - 1 de dezembro de 2020 14.29,3,12/1/2020 3:41:31 PM,12/1/2020 3:58:19 PM,6/27/2022 2:59:41 AM,Deleted
269,4B8D10B9-D693-49F1-8A7A-5D3EC9207725,8FB0EE57-A120-451C-B36C-8B581E6D45F1,Nova jornada - 1 de dezembro de 2020 14.29,4,12/1/2020 4:43:08 PM,,6/27/2022 2:59:41 AM,Deleted
270,84ED0AC4-5028-4F75-9B86-604C139768C9,8FB0EE57-A120-451C-B36C-8B581E6D45F1,Nova jornada - 1 de dezembro de 2020 14.29,2,12/1/2020 1:57:02 PM,12/1/2020 1:58:51 PM,6/27/2022 2:59:41 AM,Deleted
271,8FB0EE57-A120-451C-B36C-8B581E6D45F1,8FB0EE57-A120-451C-B36C-8B581E6D45F1,Nova jornada - 1 de dezembro de 2020 14.29,1,12/1/2020 12:01:40 PM,12/1/2020 1:23:01 PM,6/27/2022 2:59:41 AM,Deleted
272,0AA5B770-EC56-4545-BABC-8B5F61B2475D,0AA5B770-EC56-4545-BABC-8B5F61B2475D,Test Wait Until Event,1,9/1/2021 8:35:22 PM,,9/2/2021 4:01:53 PM,Deleted
273,9478A81D-40DA-4189-81FB-53CA813EE3EE,D0B42D31-1B73-48B9-90CA-8BC93A36DACA," JB_CAMPANHA_SORTEIO_PERIODICO_SMS",3,9/30/2021 5:13:22 PM,,9/30/2021 5:13:22 PM,Draft
274,D0B42D31-1B73-48B9-90CA-8BC93A36DACA,D0B42D31-1B73-48B9-90CA-8BC93A36DACA," JB_CAMPANHA_SORTEIO_PERIODICO_SMS",1,9/30/2021 12:54:19 PM,9/30/2021 4:47:11 PM,9/30/2021 4:50:01 PM,Stopped
275,07F9001A-FA4C-4D3F-A870-99B2AA45E307,D0B42D31-1B73-48B9-90CA-8BC93A36DACA," JB_CAMPANHA_SORTEIO_PERIODICO_SMS",2,9/30/2021 4:49:53 PM,9/30/2021 4:50:01 PM,5/9/2022 3:04:10 AM,Stopped
276,2536DF14-3890-42DA-BAE2-8E25A5C861E5,2536DF14-3890-42DA-BAE2-8E25A5C861E5," JB_CAMPANHA_SORTEIO_PERIODICO_SMS",1,9/30/2021 9:32:40 AM,,9/30/2021 12:53:40 PM,Deleted
277,3DA437EC-2DB4-4E5B-B37F-8EA370C23D60,3DA437EC-2DB4-4E5B-B37F-8EA370C23D60,JB_CAMPANHA_FIM_PLANO_OUROCAP_PU_PP_COMOTC_NEOBPO_,1,12/6/2021 5:07:55 PM,12/6/2021 5:12:40 PM,12/6/2021 5:22:32 PM,Deleted
278,EF218C77-BA17-4B9C-9FFE-919C40022F3A,EF218C77-BA17-4B9C-9FFE-919C40022F3A,JB_CAMPANHA_OFFLINE_PROSPECT_COM_OTC_TMKT_TESTE,1,5/15/2021 7:44:59 AM,,5/15/2021 7:44:59 AM,Draft
279,A06ECA36-AB71-45D9-96F3-15FE75BE46F5,345727DB-67CC-4CC3-9AEB-91CA585DC4A4,TEST - Boas_Vindas_Comunicacoes_SMS,2,8/24/2021 3:59:17 PM,8/24/2021 3:59:24 PM,7/12/2022 8:24:55 AM,Deleted
280,5AA4B7EC-324B-4A6D-9A82-6DACD0A24871,345727DB-67CC-4CC3-9AEB-91CA585DC4A4,TEST - Boas_Vindas_Comunicacoes_SMS,6,9/13/2021 4:38:48 PM,9/13/2021 4:43:18 PM,7/12/2022 8:24:55 AM,Deleted
281,1F48019E-E1D1-452D-9FDA-8AB15B52C883,345727DB-67CC-4CC3-9AEB-91CA585DC4A4,TEST - Boas_Vindas_Comunicacoes_SMS,3,8/24/2021 5:40:55 PM,8/24/2021 5:55:21 PM,7/12/2022 8:24:55 AM,Deleted
282,345727DB-67CC-4CC3-9AEB-91CA585DC4A4,345727DB-67CC-4CC3-9AEB-91CA585DC4A4,TEST - Boas_Vindas_Comunicacoes_SMS,1,8/24/2021 3:45:34 PM,8/24/2021 3:51:26 PM,7/12/2022 8:24:55 AM,Deleted
283,FA55E710-C5CC-4658-8569-A6AB0B749BF4,345727DB-67CC-4CC3-9AEB-91CA585DC4A4,TEST - Boas_Vindas_Comunicacoes_SMS,5,9/2/2021 5:44:21 PM,9/2/2021 5:46:19 PM,7/12/2022 8:24:55 AM,Deleted
284,561731AD-2FCD-40F7-AB8C-DAF1FB9D60B2,345727DB-67CC-4CC3-9AEB-91CA585DC4A4,TEST - Boas_Vindas_Comunicacoes_SMS,7,9/13/2021 5:39:29 PM,9/13/2021 5:42:42 PM,7/12/2022 8:24:55 AM,Deleted
285,A3AFC772-27CC-4061-9F09-FAA839432180,345727DB-67CC-4CC3-9AEB-91CA585DC4A4,TEST - Boas_Vindas_Comunicacoes_SMS,4,9/2/2021 4:03:17 PM,9/2/2021 4:19:53 PM,7/12/2022 8:24:55 AM,Deleted
286,60424638-9610-40E3-8CFE-931C336CC821,60424638-9610-40E3-8CFE-931C336CC821,Pre_Sorteio,1,6/8/2022 4:25:06 PM,6/8/2022 4:39:13 PM,7/8/2022 3:24:51 AM,Stopped
287,FFC76DAA-56FE-459A-925E-D0F54DC4163F,60424638-9610-40E3-8CFE-931C336CC821,Pre_Sorteio,2,6/8/2022 4:39:43 PM,7/8/2022 3:24:51 AM,7/8/2022 3:46:14 AM,Finishing
288,6A9C9B9D-CF3F-453F-9D8E-F3104EBDDCCB,60424638-9610-40E3-8CFE-931C336CC821,Pre_Sorteio,3,7/8/2022 3:42:41 AM,7/8/2022 3:46:14 AM,7/8/2022 3:46:14 AM,Running
289,3124ED49-2C0E-430F-B57C-3576C31E478C,2F2FBB7E-9056-4480-94EB-EFE191CD7EED,JB_CAMPANHA_ONLINE_PROSPECT_COM_OTC_NEOBPO_PUB1,2,11/12/2021 5:26:06 AM,,11/12/2021 6:11:04 PM,Deleted
290,B20D4C22-2343-4F3D-80A7-A7F47FA7183D,2F2FBB7E-9056-4480-94EB-EFE191CD7EED,JB_CAMPANHA_ONLINE_PROSPECT_COM_OTC_NEOBPO_PUB1,4,5/8/2022 2:04:08 AM,,5/8/2022 2:04:08 AM,Draft
291,2F2FBB7E-9056-4480-94EB-EFE191CD7EED,2F2FBB7E-9056-4480-94EB-EFE191CD7EED,JB_CAMPANHA_ONLINE_PROSPECT_COM_OTC_NEOBPO_PUB1,1,11/4/2021 5:19:05 PM,11/12/2021 2:54:37 AM,11/12/2021 6:11:04 PM,Finishing
292,9E423817-1DF3-404B-BF5F-F15EE775D9DA,2F2FBB7E-9056-4480-94EB-EFE191CD7EED,JB_CAMPANHA_ONLINE_PROSPECT_COM_OTC_NEOBPO_PUB1,3,11/12/2021 6:10:23 PM,11/12/2021 6:11:04 PM,11/12/2021 6:11:04 PM,Running
293,7EA9C2DF-7CA3-4CD4-9C4B-7A9557741F70,6860C347-2A85-4B87-B039-F0D38B69F459,JB_CAMPANHA_REVENDA_OUROCAP_COMOTC_NEOBPO vLucas,2,7/26/2021 4:08:37 PM,7/26/2021 4:08:55 PM,7/26/2021 4:33:37 PM,Stopped
294,CD3524ED-A910-4325-881F-EA6690414518,6860C347-2A85-4B87-B039-F0D38B69F459,JB_CAMPANHA_REVENDA_OUROCAP_COMOTC_NEOBPO vLucas,3,7/26/2021 4:32:58 PM,7/26/2021 4:33:37 PM,8/25/2021 4:13:59 PM,Stopped
295,6860C347-2A85-4B87-B039-F0D38B69F459,6860C347-2A85-4B87-B039-F0D38B69F459,JB_CAMPANHA_REVENDA_OUROCAP_COMOTC_NEOBPO vLucas,1,7/26/2021 4:03:47 PM,7/26/2021 4:05:05 PM,7/26/2021 4:08:55 PM,Stopped
296,3C9EEAE0-5FE0-409C-B840-F129C734E6E3,3C9EEAE0-5FE0-409C-B840-F129C734E6E3,AAA para visualizaaar,1,3/22/2021 12:41:05 PM,,3/22/2021 12:41:05 PM,Draft
297,375C4BD2-9659-4D41-A8A0-599E6C39ADE9,375C4BD2-9659-4D41-A8A0-599E6C39ADE9,JB_CAMPANHA_ONLINE_PROSPECT_COM_OTC_NEOBPO_PUB2,1,11/8/2021 4:21:29 PM,11/12/2021 5:57:30 AM,11/12/2021 6:42:35 PM,Finishing
298,5EF9AC39-1448-44C9-BE3D-FB5C5869695A,375C4BD2-9659-4D41-A8A0-599E6C39ADE9,JB_CAMPANHA_ONLINE_PROSPECT_COM_OTC_NEOBPO_PUB2,2,11/12/2021 6:35:31 PM,11/12/2021 6:42:35 PM,11/12/2021 6:42:35 PM,Running
299,A0E5D194-554F-4D3E-9D5B-F5CA24DE04C7,A0E5D194-554F-4D3E-9D5B-F5CA24DE04C7,Verificação Journey para Criar CxP,1,3/15/2021 3:51:39 PM,,3/15/2021 3:51:39 PM,Draft
300,9A6D0455-4C13-40DD-8A0C-36E0EBEC91F2,055A6A3B-3A84-4F27-B7F9-E37BA77CD476,JB_CAMPANHA_ONLINE_CLIENTE_COM_OTC_NEOBPO,2,8/2/2021 5:47:32 PM,,8/2/2021 7:11:41 PM,Deleted
301,CCC30621-C59D-4672-BFAB-5B5A0E4D8311,055A6A3B-3A84-4F27-B7F9-E37BA77CD476,JB_CAMPANHA_ONLINE_CLIENTE_COM_OTC_NEOBPO,3,8/2/2021 6:20:53 PM,,8/2/2021 7:11:41 PM,Deleted
302,055A6A3B-3A84-4F27-B7F9-E37BA77CD476,055A6A3B-3A84-4F27-B7F9-E37BA77CD476,JB_CAMPANHA_ONLINE_CLIENTE_COM_OTC_NEOBPO,1,8/2/2021 3:14:12 PM,8/2/2021 3:27:51 PM,8/2/2021 7:11:41 PM,Deleted
303,F9FD6234-0A62-4EE5-AFAF-6B8EE1990ECE,F9FD6234-0A62-4EE5-AFAF-6B8EE1990ECE,JB_CAMPANHA_ONLINE_PROSPECT_COM_OTC_NEOBPO_PUB4,1,2/18/2022 4:52:27 AM,2/18/2022 4:55:59 AM,2/18/2022 4:55:59 AM,Running
304,2FDED060-4C6B-40FE-B1AB-CED0E4B52D6A,2FDED060-4C6B-40FE-B1AB-CED0E4B52D6A,JB_CAMPANHA_BOAS_VINDAS_POSTALCAP_CLIENTE,1,8/4/2021 4:39:25 PM,,8/4/2021 5:06:17 PM,Deleted
305,7156F7AF-BF35-4229-AD9E-1370E7B468C2,7156F7AF-BF35-4229-AD9E-1370E7B468C2,JB_TESTE_PROSPECT,1,6/24/2021 6:04:01 PM,6/25/2021 4:36:11 PM,6/27/2022 2:54:46 AM,Deleted
306,633F6623-6AFF-4D21-9805-D394B93971F9,633F6623-6AFF-4D21-9805-D394B93971F9,Nova jornada - 3 de agosto PL Funcionários,1,8/3/2022 7:37:34 AM,8/3/2022 12:28:32 PM,8/3/2022 12:28:32 PM,Running
307,90ADBC4B-5EB7-482A-99A3-8382AC05BAA8,D31B8C4B-5C7D-42A1-96EC-D3E5B747B4A2,Jornada Campanha Dinâmica,3,12/16/2020 11:47:08 AM,12/16/2020 11:59:34 AM,6/27/2022 3:01:23 AM,Deleted
308,D31B8C4B-5C7D-42A1-96EC-D3E5B747B4A2,D31B8C4B-5C7D-42A1-96EC-D3E5B747B4A2,Nova jornada - 16 de dezembro de 2020 10.36,1,12/16/2020 7:43:51 AM,12/16/2020 7:55:27 AM,6/27/2022 3:01:23 AM,Deleted
309,468B01E5-1421-4DBC-B1D0-F6889F955A64,D31B8C4B-5C7D-42A1-96EC-D3E5B747B4A2,Jornada Campanha Dinâmica,2,12/16/2020 8:02:02 AM,12/16/2020 8:03:20 AM,6/27/2022 3:01:23 AM,Deleted
310,74E62A71-4680-4268-995A-860B1D9FE89C,83BB3742-44B5-438C-A422-D7F4FFE86A48,JB_CAMPANHA_RECOMANDO_G1_Validacao_TESTE,2,9/24/2021 12:54:31 PM,9/24/2021 12:54:45 PM,9/24/2021 12:54:45 PM,Running
311,83BB3742-44B5-438C-A422-D7F4FFE86A48,83BB3742-44B5-438C-A422-D7F4FFE86A48,JB_CAMPANHA_RECOMANDO_G1_Validacao_TESTE,1,9/24/2021 11:18:09 AM,9/24/2021 12:41:56 PM,9/24/2021 12:54:45 PM,Finishing