_CustomObjectKey,SubscriberKey,Campanha,Qtde_Clicks,JobID
1834637,0036g00001Pz0TfAAJ,Boas Vindas 3 Meses Características Novo,1,293951
1834638,0036g00001RUr1zAAD,Boas Vindas 3 Meses Características Novo,1,293951
1834639,0036g00001RWO1YAAX,Boas Vindas 3 Meses Características Novo,2,293951
1834640,0036g00001SUC2rAAH,Boas Vindas 3 Meses Características Novo,2,293951
1834641,0036g000025eL7wAAE,Boas Vindas 3 Meses Características Novo,1,293951
1834642,0036g00002OofoZAAR,Boas Vindas 3 Meses Características Novo,1,293951
1834643,0036g00002Ool2YAAR,Boas Vindas 3 Meses Características Novo,1,293951
1834644,0036g00002OolDAAAZ,Boas Vindas 3 Meses Características Novo,1,293951
1834645,0036g00002OqIDfAAN,Boas Vindas 3 Meses Características Novo,1,293951
1834646,0036g00002OqKLvAAN,Boas Vindas 3 Meses Características Novo,1,293951
1834647,0036g00002TbTMqAAN,Boas Vindas 3 Meses Características Novo,4,293951
1834648,0036g00002TbWLTAA3,Boas Vindas 3 Meses Características Novo,1,293951
1834649,0036g00002TbWMbAAN,Boas Vindas 3 Meses Características Novo,1,293951
1834650,0036g00001a089mAAA,Boas Vindas Aniversario Características Novo,1,302266
1834651,0036g00001a4azJAAQ,Boas Vindas Aniversario Características Novo,1,302266
1834652,0036g00001bfSKNAA2,Boas Vindas Aniversario Características Novo,1,302266
1834653,0036g00001bfz5zAAA,Boas Vindas Aniversario Características Novo,1,302266
1834654,0036g00001bg1cBAAQ,Boas Vindas Aniversario Características Novo,1,302266
1834655,0036g00001bg1ooAAA,Boas Vindas Aniversario Características Novo,1,302266
1834656,0036g00001bg7ggAAA,Boas Vindas Aniversario Características Novo,1,302266
1834657,0036g00001bgMRuAAM,Boas Vindas Aniversario Características Novo,1,302266
1834658,0036g00001bh11LAAQ,Boas Vindas Aniversario Características Novo,1,302266
1834659,0036g00001bh1WCAAY,Boas Vindas Aniversario Características Novo,1,302266
1834660,0036g00001bh33rAAA,Boas Vindas Aniversario Características Novo,1,302266
1834661,0036g00001bh3V2AAI,Boas Vindas Aniversario Características Novo,1,302266
1834662,0036g00001cCjN6AAK,Boas Vindas Aniversario Características Novo,2,302266
1834663,0036g00001cDuHhAAK,Boas Vindas Aniversario Características Novo,1,302266
1834664,0036g00001cY8kCAAS,Boas Vindas Aniversario Características Novo,1,302266
1834665,0036g00001d61C5AAI,Boas Vindas Aniversario Características Novo,1,302266
1834666,0036g00001d9GzJAAU,Boas Vindas Aniversario Características Novo,1,302266
1834667,0036g00001d9H69AAE,Boas Vindas Aniversario Características Novo,8,302266
1834668,0036g00001d9HC2AAM,Boas Vindas Aniversario Características Novo,2,302266
1834669,0036g00001dCR1lAAG,Boas Vindas Aniversario Características Novo,1,302266
1834670,0036g00001dCRmDAAW,Boas Vindas Aniversario Características Novo,1,302266
1834671,0036g00001dCXWQAA4,Boas Vindas Aniversario Características Novo,1,302266
1834672,0036g00001dCXX4AAO,Boas Vindas Aniversario Características Novo,2,302266
1834673,0036g00001dgWlUAAU,Boas Vindas Aniversario Características Novo,1,302266
1834674,0036g00001dh9HwAAI,Boas Vindas Aniversario Características Novo,2,302266
1834675,0036g00001dhFOQAA2,Boas Vindas Aniversario Características Novo,1,302266
1834676,0036g00001fry9pAAA,Boas Vindas Aniversario Características Novo,1,302266
1834677,0036g00001gsMYxAAM,Boas Vindas Aniversario Características Novo,1,302266
1834678,0036g00001i1AvlAAE,Boas Vindas Aniversario Características Novo,1,302266
1834679,0036g00001i1U9mAAE,Boas Vindas Aniversario Características Novo,1,302266
1834680,0036g00001i1xbvAAA,Boas Vindas Aniversario Características Novo,1,302266
1834681,0036g00001jCrzhAAC,Boas Vindas Aniversario Características Novo,2,302266
1834682,0036g00001jD1b7AAC,Boas Vindas Aniversario Características Novo,8,302266
1834683,0036g00001jDv0dAAC,Boas Vindas Aniversario Características Novo,1,302266
1834684,0036g00001ji1W1AAI,Boas Vindas Aniversario Características Novo,4,302266
1834685,0036g00001jiY4wAAE,Boas Vindas Aniversario Características Novo,1,302266
1834686,0036g00001jkZG0AAM,Boas Vindas Aniversario Características Novo,1,302266
1834687,0036g00001m4la8AAA,Boas Vindas Aniversario Características Novo,1,302266
1834688,0036g00001oEEEgAAO,Boas Vindas Aniversario Características Novo,1,302266
1834689,0036g00001OXNcIAAX,Boas Vindas Aniversario Características Novo,2,302266
1834690,0036g00001OXnOXAA1,Boas Vindas Aniversario Características Novo,1,302266
1834691,0036g00001OXsnYAAT,Boas Vindas Aniversario Características Novo,2,302266
1834692,0036g00001OXu3WAAT,Boas Vindas Aniversario Características Novo,1,302266
1834693,0036g00001OXuu5AAD,Boas Vindas Aniversario Características Novo,2,302266
1834694,0036g00001OYhevAAD,Boas Vindas Aniversario Características Novo,1,302266
1834695,0036g00001OYMFuAAP,Boas Vindas Aniversario Características Novo,1,302266
1834696,0036g00001OYpeBAAT,Boas Vindas Aniversario Características Novo,1,302266
1834697,0036g00001OYtDXAA1,Boas Vindas Aniversario Características Novo,1,302266
1834698,0036g00001OYxLaAAL,Boas Vindas Aniversario Características Novo,3,302266
1834699,0036g00001OZ8e6AAD,Boas Vindas Aniversario Características Novo,1,302266
1834700,0036g00001OZIo6AAH,Boas Vindas Aniversario Características Novo,1,302266
1834701,0036g00001pH6bcAAC,Boas Vindas Aniversario Características Novo,1,302266
1834702,0036g00001pO5ZwAAK,Boas Vindas Aniversario Características Novo,1,302266
1834703,0036g00001PoDecAAF,Boas Vindas Aniversario Características Novo,4,302266
1834704,0036g00001PoJLNAA3,Boas Vindas Aniversario Características Novo,1,302266
1834705,0036g00001PokOzAAJ,Boas Vindas Aniversario Características Novo,2,302266
1834706,0036g00001PoQp1AAF,Boas Vindas Aniversario Características Novo,1,302266
1834707,0036g00001PosNHAAZ,Boas Vindas Aniversario Características Novo,1,302266
1834708,0036g00001PoX1uAAF,Boas Vindas Aniversario Características Novo,2,302266
1834709,0036g00001PpaXZAAZ,Boas Vindas Aniversario Características Novo,2,302266
1834710,0036g00001PpZgDAAV,Boas Vindas Aniversario Características Novo,1,302266
1834711,0036g00001PqM8BAAV,Boas Vindas Aniversario Características Novo,2,302266
1834712,0036g00001PqvYEAAZ,Boas Vindas Aniversario Características Novo,1,302266
1834713,0036g00001Pr9N4AAJ,Boas Vindas Aniversario Características Novo,1,302266
1834714,0036g00001PrJYUAA3,Boas Vindas Aniversario Características Novo,1,302266
1834715,0036g00001PrkiQAAR,Boas Vindas Aniversario Características Novo,1,302266
1834716,0036g00001PrMYpAAN,Boas Vindas Aniversario Características Novo,2,302266
1834717,0036g00001PrVWPAA3,Boas Vindas Aniversario Características Novo,7,302266
1834718,0036g00001PtlU7AAJ,Boas Vindas Aniversario Características Novo,1,302266
1834719,0036g00001PtqKxAAJ,Boas Vindas Aniversario Características Novo,8,302266
1834720,0036g00001PtrtmAAB,Boas Vindas Aniversario Características Novo,1,302266
1834721,0036g00001PtvejAAB,Boas Vindas Aniversario Características Novo,1,302266
1834722,0036g00001PtvxhAAB,Boas Vindas Aniversario Características Novo,1,302266
1834723,0036g00001Ptz7QAAR,Boas Vindas Aniversario Características Novo,1,302266
1834724,0036g00001PtZJ7AAN,Boas Vindas Aniversario Características Novo,1,302266
1834725,0036g00001Pu0KiAAJ,Boas Vindas Aniversario Características Novo,1,302266
1834726,0036g00001Pud0rAAB,Boas Vindas Aniversario Características Novo,1,302266
1834727,0036g00001PuGNMAA3,Boas Vindas Aniversario Características Novo,2,302266
1834728,0036g00001PuIEIAA3,Boas Vindas Aniversario Características Novo,1,302266
1834729,0036g00001PumyWAAR,Boas Vindas Aniversario Características Novo,1,302266
1834730,0036g00001PuowkAAB,Boas Vindas Aniversario Características Novo,1,302266
1834731,0036g00001PuOzlAAF,Boas Vindas Aniversario Características Novo,1,302266
1834732,0036g00001Pur40AAB,Boas Vindas Aniversario Características Novo,1,302266
1834733,0036g00001Puu3AAAR,Boas Vindas Aniversario Características Novo,1,302266
1834734,0036g00001Puwg0AAB,Boas Vindas Aniversario Características Novo,1,302266
1834735,0036g00001PuYLPAA3,Boas Vindas Aniversario Características Novo,3,302266
1834736,0036g00001Pxr4dAAB,Boas Vindas Aniversario Características Novo,5,302266
1834737,0036g00001PyRmlAAF,Boas Vindas Aniversario Características Novo,1,302266
1834738,0036g00001PyS1WAAV,Boas Vindas Aniversario Características Novo,1,302266
1834739,0036g00001PyxbrAAB,Boas Vindas Aniversario Características Novo,1,302266
1834740,0036g00001PyyhsAAB,Boas Vindas Aniversario Características Novo,2,302266
1834741,0036g00001PyZbtAAF,Boas Vindas Aniversario Características Novo,2,302266
1834742,0036g00001PzaQvAAJ,Boas Vindas Aniversario Características Novo,1,302266
1834743,0036g00001PzQfMAAV,Boas Vindas Aniversario Características Novo,1,302266
1834744,0036g00001PzVH3AAN,Boas Vindas Aniversario Características Novo,2,302266
1834745,0036g00001PzyZBAAZ,Boas Vindas Aniversario Características Novo,1,302266
1834746,0036g00001Q0bTrAAJ,Boas Vindas Aniversario Características Novo,7,302266
1834747,0036g00001Q0CB1AAN,Boas Vindas Aniversario Características Novo,2,302266
1834748,0036g00001Q0COoAAN,Boas Vindas Aniversario Características Novo,1,302266
1834749,0036g00001Q0gZrAAJ,Boas Vindas Aniversario Características Novo,1,302266
1834750,0036g00001Q0hq8AAB,Boas Vindas Aniversario Características Novo,1,302266
1834751,0036g00001Q0nbEAAR,Boas Vindas Aniversario Características Novo,1,302266
1834752,0036g00001Q0OYjAAN,Boas Vindas Aniversario Características Novo,1,302266
1834753,0036g00001Q0WPVAA3,Boas Vindas Aniversario Características Novo,1,302266
1834754,0036g00001Q2EWRAA3,Boas Vindas Aniversario Características Novo,1,302266
1834755,0036g00001Q8qJVAAZ,Boas Vindas Aniversario Características Novo,1,302266
1834756,0036g00001QaJ83AAF,Boas Vindas Aniversario Características Novo,1,302266
1834757,0036g00001QBjH5AAL,Boas Vindas Aniversario Características Novo,1,302266
1834758,0036g00001QcHCNAA3,Boas Vindas Aniversario Características Novo,1,302266
1834759,0036g00001QHO78AAH,Boas Vindas Aniversario Características Novo,1,302266
1834760,0036g00001QHTYDAA5,Boas Vindas Aniversario Características Novo,1,302266
1834761,0036g00001QnJ7zAAF,Boas Vindas Aniversario Características Novo,2,302266
1834762,0036g00001QNJPUAA5,Boas Vindas Aniversario Características Novo,1,302266
1834763,0036g00001QP417AAD,Boas Vindas Aniversario Características Novo,1,302266
1834764,0036g00001QyLIRAA3,Boas Vindas Aniversario Características Novo,1,302266
1834765,0036g00001R05IRAAZ,Boas Vindas Aniversario Características Novo,1,302266
1834766,0036g00001RAQMjAAP,Boas Vindas Aniversario Características Novo,1,302266
1834767,0036g00001RGcDrAAL,Boas Vindas Aniversario Características Novo,5,302266
1834768,0036g00001RJ56UAAT,Boas Vindas Aniversario Características Novo,1,302266
1834769,0036g00001RJyNRAA1,Boas Vindas Aniversario Características Novo,8,302266
1834770,0036g00001RKhFpAAL,Boas Vindas Aniversario Características Novo,1,302266
1834771,0036g00001RLGRUAA5,Boas Vindas Aniversario Características Novo,1,302266
1834772,0036g00001RR0xBAAT,Boas Vindas Aniversario Características Novo,3,302266
1834773,0036g00001RR5oDAAT,Boas Vindas Aniversario Características Novo,1,302266
1834774,0036g00001RR71bAAD,Boas Vindas Aniversario Características Novo,1,302266
1834775,0036g00001RRmgDAAT,Boas Vindas Aniversario Características Novo,1,302266
1834776,0036g00001RRoKkAAL,Boas Vindas Aniversario Características Novo,1,302266
1834777,0036g00001RRQHeAAP,Boas Vindas Aniversario Características Novo,2,302266
1834778,0036g00001RRtttAAD,Boas Vindas Aniversario Características Novo,1,302266
1834779,0036g00001RRwWgAAL,Boas Vindas Aniversario Características Novo,1,302266
1834780,0036g00001RSdgZAAT,Boas Vindas Aniversario Características Novo,1,302266
1834781,0036g00001RSjVFAA1,Boas Vindas Aniversario Características Novo,1,302266
1834782,0036g00001RSkomAAD,Boas Vindas Aniversario Características Novo,2,302266
1834783,0036g00001RSnr7AAD,Boas Vindas Aniversario Características Novo,1,302266
1834784,0036g00001RT1K2AAL,Boas Vindas Aniversario Características Novo,1,302266
1834785,0036g00001Rth6iAAB,Boas Vindas Aniversario Características Novo,1,302266
1834786,0036g00001RTLqLAAX,Boas Vindas Aniversario Características Novo,1,302266
1834787,0036g00001RTwb7AAD,Boas Vindas Aniversario Características Novo,1,302266
1834788,0036g00001RU8O1AAL,Boas Vindas Aniversario Características Novo,1,302266
1834789,0036g00001RUAF2AAP,Boas Vindas Aniversario Características Novo,1,302266
1834790,0036g00001RUue1AAD,Boas Vindas Aniversario Características Novo,4,302266
1834791,0036g00001RUV9CAAX,Boas Vindas Aniversario Características Novo,1,302266
1834792,0036g00001RUwFDAA1,Boas Vindas Aniversario Características Novo,1,302266
1834793,0036g00001RV1bkAAD,Boas Vindas Aniversario Características Novo,1,302266
1834794,0036g00001RV26pAAD,Boas Vindas Aniversario Características Novo,2,302266
1834795,0036g00001RVcrrAAD,Boas Vindas Aniversario Características Novo,1,302266
1834796,0036g00001RVLeyAAH,Boas Vindas Aniversario Características Novo,1,302266
1834797,0036g00001RVPLXAA5,Boas Vindas Aniversario Características Novo,1,302266
1834798,0036g00001RVzytAAD,Boas Vindas Aniversario Características Novo,1,302266
1834799,0036g00001RW1W6AAL,Boas Vindas Aniversario Características Novo,1,302266
1834800,0036g00001RW98wAAD,Boas Vindas Aniversario Características Novo,1,302266
1834801,0036g00001RWBH5AAP,Boas Vindas Aniversario Características Novo,1,302266
1834802,0036g00001RWDbcAAH,Boas Vindas Aniversario Características Novo,1,302266
1834803,0036g00001RWImNAAX,Boas Vindas Aniversario Características Novo,3,302266
1834804,0036g00001RWlccAAD,Boas Vindas Aniversario Características Novo,1,302266
1834805,0036g00001SSNM6AAP,Boas Vindas Aniversario Características Novo,1,302266
1834806,0036g00001SvbhuAAB,Boas Vindas Aniversario Características Novo,1,302266
1834807,0036g00001SvIFWAA3,Boas Vindas Aniversario Características Novo,1,302266
1834808,0036g00001SvJ38AAF,Boas Vindas Aniversario Características Novo,2,302266
1834809,0036g00001SvKTdAAN,Boas Vindas Aniversario Características Novo,1,302266
1834810,0036g00001SvOpCAAV,Boas Vindas Aniversario Características Novo,1,302266
1834811,0036g00001SvXcyAAF,Boas Vindas Aniversario Características Novo,1,302266
1834812,0036g00001SwOLMAA3,Boas Vindas Aniversario Características Novo,1,302266
1834813,0036g00001Ux8jRAAR,Boas Vindas Aniversario Características Novo,1,302266
1834814,0036g00001UxiV5AAJ,Boas Vindas Aniversario Características Novo,1,302266
1834815,0036g00001UxQjBAAV,Boas Vindas Aniversario Características Novo,2,302266
1834816,0036g00001UyW4tAAF,Boas Vindas Aniversario Características Novo,2,302266
1834817,0036g00001V06FWAAZ,Boas Vindas Aniversario Características Novo,1,302266
1834818,0036g00001V0HVyAAN,Boas Vindas Aniversario Características Novo,1,302266
1834819,0036g00001V1ADCAA3,Boas Vindas Aniversario Características Novo,8,302266
1834820,0036g00001V1SLGAA3,Boas Vindas Aniversario Características Novo,1,302266
1834821,0036g00001V1WLPAA3,Boas Vindas Aniversario Características Novo,1,302266
1834822,0036g00001V24sdAAB,Boas Vindas Aniversario Características Novo,1,302266
1834823,0036g00001VcKhjAAF,Boas Vindas Aniversario Características Novo,1,302266
1834824,0036g00001WdhK8AAJ,Boas Vindas Aniversario Características Novo,2,302266
1834825,0036g00001xibqXAAQ,Boas Vindas Aniversario Características Novo,1,302266
1834826,0036g00001xie36AAA,Boas Vindas Aniversario Características Novo,1,302266
1834827,0036g00001xm2XWAAY,Boas Vindas Aniversario Características Novo,1,302266
1834828,0036g00001y0E7IAAU,Boas Vindas Aniversario Características Novo,1,302266
1834829,0036g00001y0F5nAAE,Boas Vindas Aniversario Características Novo,1,302266
1834830,0036g00001y0hYDAAY,Boas Vindas Aniversario Características Novo,1,302266
1834831,0036g00001y0iK2AAI,Boas Vindas Aniversario Características Novo,2,302266
1834832,0036g00001y0N4dAAE,Boas Vindas Aniversario Características Novo,1,302266
1834833,0036g00001y0UVKAA2,Boas Vindas Aniversario Características Novo,1,302266
1834834,0036g00001y0ypPAAQ,Boas Vindas Aniversario Características Novo,1,302266
1834835,0036g00001y0yX1AAI,Boas Vindas Aniversario Características Novo,1,302266
1834836,0036g00001y15Y8AAI,Boas Vindas Aniversario Características Novo,1,302266
1834837,0036g00001y1BfxAAE,Boas Vindas Aniversario Características Novo,3,302266
1834838,0036g00001y1BUFAA2,Boas Vindas Aniversario Características Novo,1,302266
1834839,0036g00001y1BX0AAM,Boas Vindas Aniversario Características Novo,1,302266
1834840,0036g00001y1BXhAAM,Boas Vindas Aniversario Características Novo,1,302266
1834841,0036g00001y1QOhAAM,Boas Vindas Aniversario Características Novo,1,302266
1834842,0036g00001y2atjAAA,Boas Vindas Aniversario Características Novo,1,302266
1834843,0036g00001y2AYQAA2,Boas Vindas Aniversario Características Novo,3,302266
1834844,0036g00001y2b7ZAAQ,Boas Vindas Aniversario Características Novo,1,302266
1834845,0036g00001y2b9LAAQ,Boas Vindas Aniversario Características Novo,1,302266
1834846,0036g00001y2bEmAAI,Boas Vindas Aniversario Características Novo,2,302266
1834847,0036g00001y2bGZAAY,Boas Vindas Aniversario Características Novo,1,302266
1834848,0036g00001y2jKVAAY,Boas Vindas Aniversario Características Novo,1,302266
1834849,0036g00001y2jSiAAI,Boas Vindas Aniversario Características Novo,1,302266
1834850,0036g00001y2pklAAA,Boas Vindas Aniversario Características Novo,1,302266
1834851,0036g00001y2pooAAA,Boas Vindas Aniversario Características Novo,1,302266
1834852,0036g00001y2q0dAAA,Boas Vindas Aniversario Características Novo,1,302266
1834853,0036g00001y2q0iAAA,Boas Vindas Aniversario Características Novo,1,302266
1834854,0036g00001y2q0xAAA,Boas Vindas Aniversario Características Novo,2,302266
1834855,0036g00001y2q5CAAQ,Boas Vindas Aniversario Características Novo,2,302266
1834856,0036g00001y2qDzAAI,Boas Vindas Aniversario Características Novo,1,302266
1834857,0036g00001y2vhvAAA,Boas Vindas Aniversario Características Novo,1,302266
1834858,0036g00001y2vZFAAY,Boas Vindas Aniversario Características Novo,1,302266
1834859,0036g00001y398rAAA,Boas Vindas Aniversario Características Novo,2,302266
1834860,0036g00001y39I4AAI,Boas Vindas Aniversario Características Novo,2,302266
1834861,0036g00001yPbQcAAK,Boas Vindas Aniversario Características Novo,3,302266
1834862,0036g00001yRUf7AAG,Boas Vindas Aniversario Características Novo,2,302266
1834863,0036g00001yRuMsAAK,Boas Vindas Aniversario Características Novo,1,302266
1834864,0036g00001ySA4tAAG,Boas Vindas Aniversario Características Novo,1,302266
1834865,0036g00001yvwOwAAI,Boas Vindas Aniversario Características Novo,1,302266
1834866,0036g00001ywDOVAA2,Boas Vindas Aniversario Características Novo,1,302266
1834867,0036g00001ywDYOAA2,Boas Vindas Aniversario Características Novo,1,302266
1834868,0036g00001z4dCxAAI,Boas Vindas Aniversario Características Novo,2,302266
1834869,0036g00001z4sReAAI,Boas Vindas Aniversario Características Novo,1,302266
1834870,0036g00001z4sZKAAY,Boas Vindas Aniversario Características Novo,6,302266
1834871,0036g00001z4WoXAAU,Boas Vindas Aniversario Características Novo,2,302266
1834872,0036g00001z4XX2AAM,Boas Vindas Aniversario Características Novo,1,302266
1834873,0036g00001z4XXWAA2,Boas Vindas Aniversario Características Novo,1,302266
1834874,0036g00001z4Y1EAAU,Boas Vindas Aniversario Características Novo,1,302266
1834875,0036g00001z51LDAAY,Boas Vindas Aniversario Características Novo,1,302266
1834876,0036g000020lGG3AAM,Boas Vindas Aniversario Características Novo,1,302266
1834877,0036g000020lHLkAAM,Boas Vindas Aniversario Características Novo,2,302266
1834878,0036g00001cCiewAAC,Boas Vindas Caracterisitcas Novo,1,170706
1834879,0036g00001gryySAAQ,Boas Vindas Caracterisitcas Novo,1,170706
1834880,0036g00001gsQP1AAM,Boas Vindas Caracterisitcas Novo,1,170706
1834881,0036g00001jCvoTAAS,Boas Vindas Caracterisitcas Novo,2,170706
1834882,0036g00001pOJFvAAO,Boas Vindas Caracterisitcas Novo,1,170706
1834883,0036g00001QhrYOAAZ,Boas Vindas Caracterisitcas Novo,1,170706
1834884,0036g00001QYlgxAAD,Boas Vindas Caracterisitcas Novo,1,170706
1834885,0036g00001R6ZUsAAN,Boas Vindas Caracterisitcas Novo,4,170706
1834886,0036g00001R8pYdAAJ,Boas Vindas Caracterisitcas Novo,1,170706
1834887,0036g00001RYjraAAD,Boas Vindas Caracterisitcas Novo,1,170706
1834888,0036g00001UypdvAAB,Boas Vindas Caracterisitcas Novo,1,170706
1834889,0036g00001UyuF7AAJ,Boas Vindas Caracterisitcas Novo,1,170706
1834890,0036g00001UzBu3AAF,Boas Vindas Caracterisitcas Novo,1,170706
1834891,0036g00001UzSJPAA3,Boas Vindas Caracterisitcas Novo,1,170706
1834892,0036g00001V2152AAB,Boas Vindas Caracterisitcas Novo,1,170706
1834893,0036g0000236rz6AAA,Boas Vindas Caracterisitcas Novo,1,170706
1834894,0036g000028TZMuAAO,Boas Vindas Caracterisitcas Novo,1,170706
1834895,0036g000028VXkzAAG,Boas Vindas Caracterisitcas Novo,1,170706
1834896,0036g00002aMddGAAS,Boas Vindas Caracterisitcas Novo,1,170706
1834897,0036g00002aN9IsAAK,Boas Vindas Caracterisitcas Novo,2,170706
1834898,0036g00002aNoJsAAK,Boas Vindas Caracterisitcas Novo,1,170706
1834899,0036g00002aNoKiAAK,Boas Vindas Caracterisitcas Novo,1,170706
1834900,0036g00002aNS89AAG,Boas Vindas Caracterisitcas Novo,1,170706
1834901,0036g00002aO120AAC,Boas Vindas Caracterisitcas Novo,1,170706
1834902,0036g00002aO8bWAAS,Boas Vindas Caracterisitcas Novo,10,170706
1834903,0036g00002aO8K1AAK,Boas Vindas Caracterisitcas Novo,1,170706
1834904,0036g00002aO8RnAAK,Boas Vindas Caracterisitcas Novo,1,170706
1834905,0036g00002aOfSbAAK,Boas Vindas Caracterisitcas Novo,1,170706
1834906,0036g00002aOfwEAAS,Boas Vindas Caracterisitcas Novo,1,170706
1834907,0036g00002aP98eAAC,Boas Vindas Caracterisitcas Novo,1,170706
1834908,0036g00002aP9KUAA0,Boas Vindas Caracterisitcas Novo,1,170706
1834909,0036g00002aP9PnAAK,Boas Vindas Caracterisitcas Novo,1,170706
1834910,0036g00002aPbDaAAK,Boas Vindas Caracterisitcas Novo,1,170706
1834911,0036g00002aPPYBAA4,Boas Vindas Caracterisitcas Novo,1,170706
1834912,0036g00002aQ1jUAAS,Boas Vindas Caracterisitcas Novo,4,170706
1834913,0036g00002aQ9H6AAK,Boas Vindas Caracterisitcas Novo,2,170706
1834914,0036g00002cSclzAAC,Boas Vindas Caracterisitcas Novo,1,170706
1834915,0036g00002cScsSAAS,Boas Vindas Caracterisitcas Novo,1,170706
1834916,0036g00002cScWrAAK,Boas Vindas Caracterisitcas Novo,1,170706
1834917,0036g00002cSKaxAAG,Boas Vindas Caracterisitcas Novo,1,170706
1834918,0036g00002cSKirAAG,Boas Vindas Caracterisitcas Novo,2,170706
1834919,0036g00002cSlkiAAC,Boas Vindas Caracterisitcas Novo,1,170706
1834920,0036g00002cSloTAAS,Boas Vindas Caracterisitcas Novo,2,170706
1834921,0036g00002cSls1AAC,Boas Vindas Caracterisitcas Novo,2,170706
1834922,0036g00002cSlVaAAK,Boas Vindas Caracterisitcas Novo,1,170706
1834923,0036g00002cSlvkAAC,Boas Vindas Caracterisitcas Novo,1,170706
1834924,0036g00002cSzBqAAK,Boas Vindas Caracterisitcas Novo,1,170706
1834925,0036g00002cT1oGAAS,Boas Vindas Caracterisitcas Novo,2,170706
1834926,0036g00002cT8s7AAC,Boas Vindas Caracterisitcas Novo,2,170706
1834927,0036g00002cT8xSAAS,Boas Vindas Caracterisitcas Novo,1,170706
1834928,0036g00002cT8YEAA0,Boas Vindas Caracterisitcas Novo,1,170706
1834929,0036g00002cT8zTAAS,Boas Vindas Caracterisitcas Novo,5,170706
1834930,0036g00002cT9F1AAK,Boas Vindas Caracterisitcas Novo,2,170706
1834931,0036g00002cT9U4AAK,Boas Vindas Caracterisitcas Novo,1,170706
1834932,0036g00002cTbmGAAS,Boas Vindas Caracterisitcas Novo,2,170706
1834933,0036g00002cTdhOAAS,Boas Vindas Caracterisitcas Novo,2,170706
1834934,0036g00002cTdjZAAS,Boas Vindas Caracterisitcas Novo,1,170706
1834935,0036g00002cTdYvAAK,Boas Vindas Caracterisitcas Novo,1,170706
1834936,0036g00002cTdZDAA0,Boas Vindas Caracterisitcas Novo,1,170706
1834937,0036g00002cTIzIAAW,Boas Vindas Caracterisitcas Novo,1,170706
1834938,0036g00002cTJ0rAAG,Boas Vindas Caracterisitcas Novo,9,170706
1834939,0036g00002cTJ3LAAW,Boas Vindas Caracterisitcas Novo,2,170706
1834940,0036g00002cTJ5LAAW,Boas Vindas Caracterisitcas Novo,1,170706
1834941,0036g00002cTJ5TAAW,Boas Vindas Caracterisitcas Novo,2,170706
1834942,0036g00002cTJ6dAAG,Boas Vindas Caracterisitcas Novo,2,170706
1834943,0036g00002cTJ6kAAG,Boas Vindas Caracterisitcas Novo,1,170706
1834944,0036g00002cTJVJAA4,Boas Vindas Caracterisitcas Novo,7,170706
1834945,0036g00002cTmoDAAS,Boas Vindas Caracterisitcas Novo,1,170706
1834946,0036g00002cTTIMAA4,Boas Vindas Caracterisitcas Novo,1,170706
1834947,0036g00002cTTINAA4,Boas Vindas Caracterisitcas Novo,2,170706
1834948,0036g00002cTTjgAAG,Boas Vindas Caracterisitcas Novo,1,170706
1834949,0036g00002GwZHQAA3,Boas Vindas Caracterisitcas Novo,2,170706
1834950,0036g00002GxcwfAAB,Boas Vindas Caracterisitcas Novo,1,170706
1834951,0036g00002JgfX7AAJ,Boas Vindas Caracterisitcas Novo,1,170706
1834952,0036g00002JWUf8AAH,Boas Vindas Caracterisitcas Novo,2,170706
1834953,0036g00002RrSyzAAF,Boas Vindas Caracterisitcas Novo,1,170706
1834954,0036g00002Whk2PAAR,Boas Vindas Caracterisitcas Novo,1,170706
1834955,0036g00002Wi3e9AAB,Boas Vindas Caracterisitcas Novo,1,170706
1834956,0036g00002Wj3pSAAR,Boas Vindas Caracterisitcas Novo,1,170706
1834957,0036g00002WkLTxAAN,Boas Vindas Caracterisitcas Novo,1,170706
1834958,0036g00002WlWweAAF,Boas Vindas Caracterisitcas Novo,1,170706
1834959,0036g00002YKnStAAL,Boas Vindas Caracterisitcas Novo,2,170706
1834960,0036g00002YLLpBAAX,Boas Vindas Caracterisitcas Novo,1,170706
1834961,0036g00002YM4G6AAL,Boas Vindas Caracterisitcas Novo,1,170706
1834962,0036g00002YMLUHAA5,Boas Vindas Caracterisitcas Novo,1,170706
1834963,0036g00002Z8MrdAAF,Boas Vindas Caracterisitcas Novo,2,170706
1834964,0036g00001hPTFgAAO,Boas Vindas Caracterisitcas Recorrente,1,170707
1834965,0036g00001OZCt1AAH,Boas Vindas Caracterisitcas Recorrente,1,170707
1834966,0036g00001PpGBPAA3,Boas Vindas Caracterisitcas Recorrente,1,170707
1834967,0036g00001PqbzvAAB,Boas Vindas Caracterisitcas Recorrente,1,170707
1834968,0036g00001PrlwyAAB,Boas Vindas Caracterisitcas Recorrente,1,170707
1834969,0036g00001Puj6aAAB,Boas Vindas Caracterisitcas Recorrente,1,170707
1834970,0036g00001PuvxIAAR,Boas Vindas Caracterisitcas Recorrente,1,170707
1834971,0036g00001PuY0wAAF,Boas Vindas Caracterisitcas Recorrente,1,170707
1834972,0036g00001Py7CyAAJ,Boas Vindas Caracterisitcas Recorrente,1,170707
1834973,0036g00001PyZEyAAN,Boas Vindas Caracterisitcas Recorrente,1,170707
1834974,0036g00001PzGRjAAN,Boas Vindas Caracterisitcas Recorrente,1,170707
1834975,0036g00001Q0dzPAAR,Boas Vindas Caracterisitcas Recorrente,1,170707
1834976,0036g00001Q0otJAAR,Boas Vindas Caracterisitcas Recorrente,3,170707
1834977,0036g00001QPLpaAAH,Boas Vindas Caracterisitcas Recorrente,2,170707
1834978,0036g00001QWHtGAAX,Boas Vindas Caracterisitcas Recorrente,2,170707
1834979,0036g00001RQyT9AAL,Boas Vindas Caracterisitcas Recorrente,2,170707
1834980,0036g00001SNaDaAAL,Boas Vindas Caracterisitcas Recorrente,1,170707
1834981,0036g00001STuDlAAL,Boas Vindas Caracterisitcas Recorrente,1,170707
1834982,0036g00001t0BMLAA2,Boas Vindas Caracterisitcas Recorrente,1,170707
1834983,0036g000028V5CyAAK,Boas Vindas Caracterisitcas Recorrente,1,170707
1834984,0036g00002B1heNAAR,Boas Vindas Caracterisitcas Recorrente,1,170707
1834985,0036g00002JeF0EAAV,Boas Vindas Caracterisitcas Recorrente,1,170707
1834986,0036g00002JWNHBAA5,Boas Vindas Caracterisitcas Recorrente,1,170707
1834987,0036g00002JX8JJAA1,Boas Vindas Caracterisitcas Recorrente,1,170707
1834988,0036g00002N2lIyAAJ,Boas Vindas Caracterisitcas Recorrente,3,170707
1834989,0036g00002RqXSHAA3,Boas Vindas Caracterisitcas Recorrente,2,170707
1834990,0036g00002YKoqiAAD,Boas Vindas Caracterisitcas Recorrente,1,170707
1834991,0036g00002YM8LOAA1,Boas Vindas Caracterisitcas Recorrente,1,170707
1834992,0036g00002YMLouAAH,Boas Vindas Caracterisitcas Recorrente,1,170707
1834993,0036g00002YMLptAAH,Boas Vindas Caracterisitcas Recorrente,1,170707
1834994,0036g00002YMMFqAAP,Boas Vindas Caracterisitcas Recorrente,1,170707
1834995,0036g00001dgiAaAAI,Boas Vindas Caracterisitcas Recuperado,2,170708
1834996,0036g00001OXJJJAA5,Boas Vindas Caracterisitcas Recuperado,1,170708
1834997,0036g00001OYW3BAAX,Boas Vindas Caracterisitcas Recuperado,1,170708
1834998,0036g00001OYZ8VAAX,Boas Vindas Caracterisitcas Recuperado,1,170708
1834999,0036g00001PqfnAAAR,Boas Vindas Caracterisitcas Recuperado,10,170708
1835000,0036g00001pQyvmAAC,Boas Vindas Caracterisitcas Recuperado,2,170708
1835001,0036g00001Pu3OuAAJ,Boas Vindas Caracterisitcas Recuperado,2,170708
1835002,0036g00001PuHr2AAF,Boas Vindas Caracterisitcas Recuperado,1,170708
1835003,0036g00001PupA9AAJ,Boas Vindas Caracterisitcas Recuperado,1,170708
1835004,0036g00001PwQgtAAF,Boas Vindas Caracterisitcas Recuperado,1,170708
1835005,0036g00001PyzEkAAJ,Boas Vindas Caracterisitcas Recuperado,1,170708
1835006,0036g00001PyzT2AAJ,Boas Vindas Caracterisitcas Recuperado,1,170708
1835007,0036g00001RJAOrAAP,Boas Vindas Caracterisitcas Recuperado,1,170708
1835008,0036g00001RTaM0AAL,Boas Vindas Caracterisitcas Recuperado,1,170708
1835009,0036g00001RUE4bAAH,Boas Vindas Caracterisitcas Recuperado,2,170708
1835010,0036g00001RUhm3AAD,Boas Vindas Caracterisitcas Recuperado,1,170708
1835011,0036g00001RUOklAAH,Boas Vindas Caracterisitcas Recuperado,1,170708
1835012,0036g00001RVJaeAAH,Boas Vindas Caracterisitcas Recuperado,1,170708
1835013,0036g00001RWgybAAD,Boas Vindas Caracterisitcas Recuperado,1,170708
1835014,0036g00001RWOsAAAX,Boas Vindas Caracterisitcas Recuperado,1,170708
1835015,0036g00001RWXfqAAH,Boas Vindas Caracterisitcas Recuperado,1,170708
1835016,0036g00001UxLpyAAF,Boas Vindas Caracterisitcas Recuperado,1,170708
1835017,0036g00002373XJAAY,Boas Vindas Caracterisitcas Recuperado,1,170708
1835018,0036g00002Wi94uAAB,Boas Vindas Caracterisitcas Recuperado,1,170708
1835019,0036g00001QmkGcAAJ,Boas Vindas Novo,1,285792
1835020,0036g00001UxdGoAAJ,Boas Vindas Novo,1,285792
1835021,0036g00001V1df7AAB,Boas Vindas Novo,1,285792
1835022,0036g00001xElsAAAS,Boas Vindas Novo,1,285792
1835023,0036g00002aNqJyAAK,Boas Vindas Novo,2,285792
1835024,0036g00002aO8bzAAC,Boas Vindas Novo,1,285792
1835025,0036g00002aOBdnAAG,Boas Vindas Novo,2,285792
1835026,0036g00002aP3YgAAK,Boas Vindas Novo,1,285792
1835027,0036g00002aPbI9AAK,Boas Vindas Novo,1,285792
1835028,0036g00002aPm6UAAS,Boas Vindas Novo,3,285792
1835029,0036g00002aPnPOAA0,Boas Vindas Novo,1,285792
1835030,0036g00002aQ1J5AAK,Boas Vindas Novo,1,285792
1835031,0036g00002aQ9NjAAK,Boas Vindas Novo,1,285792
1835032,0036g00002cScYEAA0,Boas Vindas Novo,1,285792
1835033,0036g00002cSKftAAG,Boas Vindas Novo,2,285792
1835034,0036g00002cSKi5AAG,Boas Vindas Novo,1,285792
1835035,0036g00002cSQl4AAG,Boas Vindas Novo,2,285792
1835036,0036g00002cSTF8AAO,Boas Vindas Novo,1,285792
1835037,0036g00002UGQS7AAP,Boas Vindas Novo,2,285792
1835038,0036g00002UjgXUAAZ,Boas Vindas Novo,1,285792
1835039,0036g00002WkUHgAAN,Boas Vindas Novo,1,285792
1835040,0036g00002WkXRoAAN,Boas Vindas Novo,1,285792
1835041,0036g00002YKnVUAA1,Boas Vindas Novo,1,285792
1835042,0036g00002YM9DxAAL,Boas Vindas Novo,2,285792
1835043,0036g00002YM9S7AAL,Boas Vindas Novo,1,285792
1835044,0036g00002Z8GMvAAN,Boas Vindas Novo,1,285792
1835045,0036g00001ksoSwAAI,Boas Vindas Recorrente,1,285794
1835046,0036g00001PtxgxAAB,Boas Vindas Recorrente,1,285794
1835047,0036g00001RSvGdAAL,Boas Vindas Recorrente,2,285794
1835048,0036g00001RW2u2AAD,Boas Vindas Recorrente,5,285794
1835049,0036g00001RWNW4AAP,Boas Vindas Recorrente,1,285794
1835050,0036g00001xit7oAAA,Boas Vindas Recorrente,1,285794
1835051,0036g00001RSF72AAH,Boas Vindas Recuperado,1,285793
1835052,0036g00001dCu0LAAS,"Email ",2,384895
1835053,0036g00001aWSuBAAW,Email Campanha Aniversario - 20212212,4,281415
1835054,0036g00001bfNsIAAU,Email Campanha Aniversario - 20212212,4,281415
1835055,0036g00001cCw27AAC,Email Campanha Aniversario - 20212212,4,281415
1835056,0036g00001jhw9qAAA,Email Campanha Aniversario - 20212212,4,281415
1835057,0036g00001jkdOFAAY,Email Campanha Aniversario - 20212212,1,281415
1835058,0036g00001m5ULGAA2,Email Campanha Aniversario - 20212212,1,281415
1835059,0036g00001m68hmAAA,Email Campanha Aniversario - 20212212,4,281415
1835060,0036g00001Oac8QAAR,Email Campanha Aniversario - 20212212,4,281415
1835061,0036g00001OYuzAAAT,Email Campanha Aniversario - 20212212,1,281415
1835062,0036g00001OZBqwAAH,Email Campanha Aniversario - 20212212,1,281415
1835063,0036g00001OZIzJAAX,Email Campanha Aniversario - 20212212,4,281415
1835064,0036g00001OZx9NAAT,Email Campanha Aniversario - 20212212,4,281415
1835065,0036g00001pM1hkAAC,Email Campanha Aniversario - 20212212,4,281415
1835066,0036g00001pMhXeAAK,Email Campanha Aniversario - 20212212,3,281415
1835067,0036g00001PodMZAAZ,Email Campanha Aniversario - 20212212,4,281415
1835068,0036g00001PogmDAAR,Email Campanha Aniversario - 20212212,4,281415
1835069,0036g00001PoiHkAAJ,Email Campanha Aniversario - 20212212,4,281415
1835070,0036g00001PoKYXAA3,Email Campanha Aniversario - 20212212,4,281415
1835071,0036g00001PpMveAAF,Email Campanha Aniversario - 20212212,1,281415
1835072,0036g00001PqDIKAA3,Email Campanha Aniversario - 20212212,1,281415
1835073,0036g00001PqFRYAA3,Email Campanha Aniversario - 20212212,17,281415
1835074,0036g00001PqgYpAAJ,Email Campanha Aniversario - 20212212,1,281415
1835075,0036g00001Pqlo1AAB,Email Campanha Aniversario - 20212212,4,281415
1835076,0036g00001PrBLsAAN,Email Campanha Aniversario - 20212212,2,281415
1835077,0036g00001PrcxxAAB,Email Campanha Aniversario - 20212212,11,281415
1835078,0036g00001PrK0bAAF,Email Campanha Aniversario - 20212212,4,281415
1835079,0036g00001pRuA4AAK,Email Campanha Aniversario - 20212212,3,281415
1835080,0036g00001Pu19ZAAR,Email Campanha Aniversario - 20212212,17,281415
1835081,0036g00001Pu63oAAB,Email Campanha Aniversario - 20212212,17,281415
1835082,0036g00001Pu7RgAAJ,Email Campanha Aniversario - 20212212,1,281415
1835083,0036g00001PukyTAAR,Email Campanha Aniversario - 20212212,4,281415
1835084,0036g00001Purw8AAB,Email Campanha Aniversario - 20212212,3,281415
1835085,0036g00001PuUymAAF,Email Campanha Aniversario - 20212212,4,281415
1835086,0036g00001PwQErAAN,Email Campanha Aniversario - 20212212,4,281415
1835087,0036g00001Py154AAB,Email Campanha Aniversario - 20212212,4,281415
1835088,0036g00001Pya6TAAR,Email Campanha Aniversario - 20212212,3,281415
1835089,0036g00001Pz9ATAAZ,Email Campanha Aniversario - 20212212,17,281415
1835090,0036g00001PzGruAAF,Email Campanha Aniversario - 20212212,3,281415
1835091,0036g00001PzWDWAA3,Email Campanha Aniversario - 20212212,4,281415
1835092,0036g00001PzyfGAAR,Email Campanha Aniversario - 20212212,1,281415
1835093,0036g00001Q03C6AAJ,Email Campanha Aniversario - 20212212,4,281415
1835094,0036g00001Q03lbAAB,Email Campanha Aniversario - 20212212,4,281415
1835095,0036g00001Q0fEhAAJ,Email Campanha Aniversario - 20212212,1,281415
1835096,0036g00001Q0U09AAF,Email Campanha Aniversario - 20212212,4,281415
1835097,0036g00001QcAlLAAV,Email Campanha Aniversario - 20212212,1,281415
1835098,0036g00001QGIWOAA5,Email Campanha Aniversario - 20212212,4,281415
1835099,0036g00001Qm9UhAAJ,Email Campanha Aniversario - 20212212,1,281415
1835100,0036g00001QNYb7AAH,Email Campanha Aniversario - 20212212,4,281415
1835101,0036g00001QODB1AAP,Email Campanha Aniversario - 20212212,4,281415
1835102,0036g00001QOMCqAAP,Email Campanha Aniversario - 20212212,1,281415
1835103,0036g00001RAS0YAAX,Email Campanha Aniversario - 20212212,4,281415
1835104,0036g00001RKwV3AAL,Email Campanha Aniversario - 20212212,4,281415
1835105,0036g00001RLwb8AAD,Email Campanha Aniversario - 20212212,4,281415
1835106,0036g00001RR9DNAA1,Email Campanha Aniversario - 20212212,4,281415
1835107,0036g00001RRGduAAH,Email Campanha Aniversario - 20212212,10,281415
1835108,0036g00001RRip7AAD,Email Campanha Aniversario - 20212212,1,281415
1835109,0036g00001RRvvmAAD,Email Campanha Aniversario - 20212212,3,281415
1835110,0036g00001RRZ7bAAH,Email Campanha Aniversario - 20212212,4,281415
1835111,0036g00001RSe4IAAT,Email Campanha Aniversario - 20212212,4,281415
1835112,0036g00001RT7PTAA1,Email Campanha Aniversario - 20212212,3,281415
1835113,0036g00001RTWYqAAP,Email Campanha Aniversario - 20212212,4,281415
1835114,0036g00001RUgSNAA1,Email Campanha Aniversario - 20212212,1,281415
1835115,0036g00001RV48nAAD,Email Campanha Aniversario - 20212212,4,281415
1835116,0036g00001RVMP9AAP,Email Campanha Aniversario - 20212212,1,281415
1835117,0036g00001RVrEXAA1,Email Campanha Aniversario - 20212212,4,281415
1835118,0036g00001RVSL5AAP,Email Campanha Aniversario - 20212212,4,281415
1835119,0036g00001RVT8QAAX,Email Campanha Aniversario - 20212212,4,281415
1835120,0036g00001RVYVjAAP,Email Campanha Aniversario - 20212212,4,281415
1835121,0036g00001RWuyUAAT,Email Campanha Aniversario - 20212212,4,281415
1835122,0036g00001RYF5eAAH,Email Campanha Aniversario - 20212212,4,281415
1835123,0036g00001RYWYkAAP,Email Campanha Aniversario - 20212212,4,281415
1835124,0036g00001RZ7T4AAL,Email Campanha Aniversario - 20212212,19,281415
1835125,0036g00001SSefNAAT,Email Campanha Aniversario - 20212212,4,281415
1835126,0036g00001SSlYAAA1,Email Campanha Aniversario - 20212212,4,281415
1835127,0036g00001SUBSYAA5,Email Campanha Aniversario - 20212212,4,281415
1835128,0036g00001SVoy8AAD,Email Campanha Aniversario - 20212212,19,281415
1835129,0036g00001U5kbFAAR,Email Campanha Aniversario - 20212212,4,281415
1835130,0036g00001Uxp99AAB,Email Campanha Aniversario - 20212212,4,281415
1835131,0036g00001V13HSAAZ,Email Campanha Aniversario - 20212212,2,281415
1835132,0036g00001V1pMgAAJ,Email Campanha Aniversario - 20212212,4,281415
1835133,0036g00001V1rI5AAJ,Email Campanha Aniversario - 20212212,4,281415
1835134,0036g00001V1sjHAAR,Email Campanha Aniversario - 20212212,1,281415
1835135,0036g00001V1ZTsAAN,Email Campanha Aniversario - 20212212,1,281415
1835136,0036g00001V25FnAAJ,Email Campanha Aniversario - 20212212,1,281415
1835137,0036g00001V27qsAAB,Email Campanha Aniversario - 20212212,1,281415
1835138,0036g00001V2BxzAAF,Email Campanha Aniversario - 20212212,4,281415
1835139,0036g00001V2Zt4AAF,Email Campanha Aniversario - 20212212,3,281415
1835140,0036g00001z5DyxAAE,Email Campanha Aniversario - 20212212,4,281415
1835141,0036g000020m5H8AAI,Email Campanha Aniversario - 20212212,3,281415
1835142,0036g0000234lG0AAI,Email Campanha Aniversario - 20212212,4,281415
1835143,0036g000028WeIyAAK,Email Campanha Aniversario - 20212212,4,281415
1835144,0036g00002aO8fiAAC,Email Campanha Aniversario - 20212212,2,281415
1835145,0036g00002aOBelAAG,Email Campanha Aniversario - 20212212,4,281415
1835146,0036g00002JeJsLAAV,Email Campanha Aniversario - 20212212,1,281415
1835147,0036g00002JXvMXAA1,Email Campanha Aniversario - 20212212,11,281415
1835148,0036g00002JYzW7AAL,Email Campanha Aniversario - 20212212,4,281415
1835149,0036g00002OobnjAAB,Email Campanha Aniversario - 20212212,11,281415
1835150,0036g00002RtK99AAF,Email Campanha Aniversario - 20212212,4,281415
1835151,0036g00002TaySYAAZ,Email Campanha Aniversario - 20212212,4,281415
1835152,0036g00002Tb1oSAAR,Email Campanha Aniversario - 20212212,4,281415
1835153,0036g00002WlhORAAZ,Email Campanha Aniversario - 20212212,1,281415
1835154,0036g00001OYeHpAAL,Fim de Plano PM sem OTC - com Renovação,4,275247
1835155,0036g00001PzYpEAAV,Fim de Plano PM sem OTC - com Renovação,4,275247
1835156,0036g00001Q07IcAAJ,Fim de Plano PM sem OTC - com Renovação,4,275247
1835157,0036g00001Q0gAiAAJ,Fim de Plano PM sem OTC - com Renovação,4,275247
1835158,0036g00001RWiihAAD,Fim de Plano PM sem OTC - com Renovação,4,275247
1835159,0036g00001PuUzBAAV,Fim de Plano PM sem OTC - sem Renovação,1,275248
1835160,0036g00001Q00gTAAR,Fim de Plano PM sem OTC - sem Renovação,2,275248
1835161,0036g00001Q02mrAAB,Fim de Plano PM sem OTC - sem Renovação,4,275248
1835162,0036g00001RSLjmAAH,Fim de Plano PM sem OTC - sem Renovação,2,275248
1835163,0036g00001RUgSNAA1,Fim de Plano PM sem OTC - sem Renovação,1,275248
1835164,0036g00001RWAVAAA5,Fim de Plano PM sem OTC - sem Renovação,4,275248
1835165,0036g00001RTQAbAAP,Fim de Plano PU sem OTC,1,285518